;	"imported from Korean version at 2007-09-20,오후 5:12:22."																																																																															
;	바우트 몬스터 스크립트(전체 )																																																																															
;	이 파일 건드리지 마시오.																																																																															
;	지우지도 마시오.																																																																															
;	보지도 마시오.																																																																															
;	뭐든지 금지!																																																																															
;	뭔가를 하려면 개별 엑셀 원본 (\엑셀원본\행성\p*.* 을 수정하세요)																																																																															
;	p_monai(p01)																																																																															
;	#바우트 몬스터 스크립트(부분)																																																																															
;	2007/09/20*																																																																															
;	필드별 설명을 보고 싶으면 bt_몬스터AI.doc 문서를 보시오.																																																																															
;	"P01 ""트레이닝플래닛"" 몬스터/보스 : 레벨00"																																																																															
;	기본정보			기본난이도	L	2 	D	37							Base전 전용						AI 구성 요소(소수 안됨)																					AI 추가 구성 요소(소수 안됨)																몬스터속성																						
;	INDEX	이름	그림 index	Life	D1	D2	총알데미지	변신취급	회복%	회복타입	점령형	파워업	대변공	대변방	Life가중	D1가중	D2가중	총뎀가중	본진취급	성향	점프추적	AI	총알idx	감지시야	추격시야	걷기시야	추격y	추격-y	총쏨min	총쏨max	지상공격	걷점공격	달점공격	헬프시야	점공%	총쏨%	막기%	총막기%	막기시야	소심%	헬프요%	분노%	패턴1	패턴2	패턴3	패턴4	패턴5	특수결정	카운터	공격속성	도망확률	위기탈출	승룡권	난무필살	(예비)	(예비)	(예비)	클리핑	충돌	부활	파괴불가	무적시간	다운타입	방향전환	그림자	이름표	지형충돌	움직임	총쏨위선	렌더옵션	크기%	건물형	앞무적	앞오무적	오른무적	뒤오무적	뒤무적	뒤왼무적	왼무적	앞왼무적
	0	Slapper	0	65 	7 	10 	0	0	0	0	0	0	1000	0	0	0	0	0	0	0	0	0	0	400	700	400	0	0	0	0	150	250	300	700	20	0	0	0	0	30	0	0	0	0	0	0	0	0	0	0	0	0	0	0	0	0	0	0	0	-1	0	0	1	0	0	0	0	0	0	0	120	0	0	0	0	0	0	0	0	0
	1	Cruncher	1	273 	10 	14 	0	0	0	0	0	0	1000 	100 	0	0	0	0	0	0	0	0	0	500	1000	400	0	0	0	0	100	250	300	2800	20	0	0	0	0	100	0	0	200015	0	0	0	0	0	0	0	2	0	0	0	0	0	0	0	0	-1	0	0	0	0	0	0	0	0	0	0	110	0	0	0	0	0	0	0	0	0
	2	Ganda	2	65 	7 	10 	0	0	0	0	0	0	1000	0	0	0	0	0	0	0	0	0	0	500	700	400	0	0	0	0	120	250	300	2800	20	0	0	0	0	30	0	0	0	0	0	0	0	0	0	0	20	0	0	0	0	0	0	0	0	-1	0	0	1	0	0	0	0	0	0	0	100	0	0	0	0	0	0	0	0	0
	3	Bubbleboy	3	1475 	57 	73 	0	0	0	0	0	0	1000	0	0	0	0	0	0	0	0	0	0	400	700	400	0	0	0	0	120	250	300	700	20	0	0	0	0	30	0	0	0	0	0	0	0	0	0	0	40	0	0	0	0	0	0	0	0	-1	0	0	0	0	0	0	0	0	0	0	120	0	0	0	0	0	0	0	0	0
	4	Morlock	6	1844 	33 	42 	0 	1 	0 	0 	0 	0 	1150 	100 	0	0	0	0	0	0	0	0	0	1200	800	400	0	0	0	0	120	250	300	2000	20	0	8	20	296	0	20	10	200020	0	0	0	0	0	0	0	10	0	0	0	0	0	0	0	0	-1	0	0	0	0	0	0	0	0	0	0	100	0	0	0	0	0	0	0	0	0
;	p_monai(p02)																																																																															
;	#바우트 몬스터 스크립트(부분)																																																																															
;	2005/09/26*																																																																															
;	필드별 설명을 보고 싶으면 bt_몬스터AI.doc 문서를 보시오.																																																																															
;	"P02 ""트레이닝링"" 몬스터/보스 : 레벨 01"																																																																															
;	기본정보			기본난이도	L	1 	D	15							Base전 전용						AI 구성 요소(소수 안됨)																																					몬스터속성																						
;	INDEX	이름	그림 index	Life	D1	D2	총알데미지	변신취급	회복%	회복타입	점령형	파워업	대변공	대변방	Life가중	D1가중	D2가중	총뎀가중	본진취급	성향	점프추적	AI	총알idx	감지시야	추격시야	걷기시야	추격y	추격-y	총쏨min	총쏨max	지상공격	걷점공격	달점공격	헬프시야	점공%	총쏨%	막기%	총막기%	막기시야	소심%	헬프요%	분노%	패턴1	패턴2	패턴3	패턴4	패턴5	특수결정	카운터	공격속성	도망확률	위기탈출	승룡권	난무필살	(예비)	(예비)	(예비)	클리핑	충돌	부활	파괴불가	무적시간	다운타입	방향전환	그림자	이름표	지형충돌	움직임	총쏨위선	렌더옵션	크기%	건물형	앞무적	앞오무적	오른무적	뒤오무적	뒤무적	뒤왼무적	왼무적	앞왼무적
	10	Slapper	0	125 	17 	22 	0	0	0	0	0	0	1000	0	0	0	0	0	0	0	0	0	0	10000	10000	400	0	0	0	0	120	250	300	700	20	0	0	0	0	30	0	0	0	0	0	0	0	0	0	0	0	0	0	0	0	0	0	0	0	-1	0	0	0	0	0	0	0	0	0	0	100	0	0	0	0	0	0	0	0	0
	11	EliteGanda	2	895 	27 	39 	0 	0 	0	0	0	0	1200 	100 	0	0	0	0	0	0	0	0	0	650	1200	400	0	0	0	0	140	250	300	2800	20	0	12	50	296	30	0	0	0	0	0	0	0	0	0	0	5	0	0	0	0	0	0	0	0	-1	0	0	0	0	0	0	0	0	0	3	170	0	0	0	0	0	0	0	0	0
	12	Ganda	2	125 	17 	22 	0	0	0	0	0	0	1000	0	0	0	0	0	0	0	0	0	0	10000	10000	400	0	0	0	0	120	250	300	2800	20	0	0	0	0	30	0	0	0	0	0	0	0	0	0	0	10	0	0	0	0	0	0	0	0	-1	0	0	0	0	0	0	0	0	0	0	100	0	0	0	0	0	0	0	0	0
	14	Gamma	5	145 	16 	25 	0	0	0	0	0	0	1000	100	0	0	0	0	0	0	0	0	0	700	600	400	0	0	0	0	100	250	300	800	0	0	10	0	296	0	0	0	0	0	0	0	0	0	0	0	0	0	0	0	0	0	0	0	0	-1	0	0	0	0	0	0	0	0	0	0	105	0	0	0	0	0	0	0	0	0
;	p_monai(p03)																																																																															
;	#바우트 몬스터 스크립트(부분)																																																																															
;	2005/09/26*																																																																															
;	필드별 설명을 보고 싶으면 bt_몬스터AI.doc 문서를 보시오.																																																																															
;	"P03 ""메간토입구"" 몬스터/보스  : 레벨 05"																																																																															
;	기본정보			기본난이도	L	1 	D	15							Base전 전용						AI 구성 요소(소수 안됨)																																					몬스터속성																						
;	INDEX	이름	그림 index	Life	D1	D2	총알데미지	변신취급	회복%	회복타입	점령형	파워업	대변공	대변방	Life가중	D1가중	D2가중	총뎀가중	본진취급	성향	점프추적	AI	총알idx	감지시야	추격시야	걷기시야	추격y	추격-y	총쏨min	총쏨max	지상공격	걷점공격	달점공격	헬프시야	점공%	총쏨%	막기%	총막기%	막기시야	소심%	헬프요%	분노%	패턴1	패턴2	패턴3	패턴4	패턴5	특수결정	카운터%	공격속성	도망확률	위기탈출	승룡권	난무필살	(예비)	(예비)	(예비)	클리핑	충돌	부활	파괴불가	무적시간	다운타입	방향전환	그림자	이름표	지형충돌	움직임	총쏨위선	렌더옵션	크기%	건물형	앞무적	앞오무적	오른무적	뒤오무적	뒤무적	뒤왼무적	왼무적	앞왼무적
	23	Shoveler	4	187 	18 	23 	0 	0 	0	0	0	0	1000 	0	0	0	0	0	0	0	0	0	0	400	700	400	0	0	0	0	120	250	300	700	20	0	0	0	296	0	0	0	0	0	0	0	0	0	0	0	0	0	0	0	0	0	0	0	0	-1	0	0	0	0	0	0	0	0	0	0	100	0	0	0	0	0	0	0	0	0
	24	Constructor	13	310 	22 	28 	0 	0 	0	0	0	0	1000 	200 	0	0	0	0	0	0	1	0	0	500	400	400	0	0	0	0	120	250	300	700	0	0	30	30	240	0	0	0	200010	200014	0	0	0	0	0	0	0	0	0	0	0	0	0	0	0	-1	0	0	0	0	0	0	0	0	0	0	110	0	0	0	0	0	0	0	0	0
	25	Gamma	5	187 	25 	33 	0	0	0	0	0	0	1000	100	0	0	0	0	0	0	0	0	0	700	600	400	0	0	0	0	100	250	300	800	0	0	10	0	296	0	0	0	0	0	0	0	0	0	0	0	0	0	0	0	0	0	0	0	0	-1	0	0	0	0	0	0	0	0	0	0	105	0	0	0	0	0	0	0	0	0
	21	Sircam	7	467 	20 	25 	0 	1 	0	0	0	0	1000 	0	0	0	0	0	0	0	0	0	0	500	700	400	0	0	0	0	120	250	300	700	5	0	0	0	296	0	0	100	0	0	0	0	0	0	0	0	10	0	0	1	0	0	0	0	0	-1	0	0	0	0	0	0	0	0	0	0	100	0	0	0	0	0	0	0	0	0
	26	Blaster	8	2240 	28 	35 	0 	1 	0	0	0	0	1200 	200 	0	0	0	0	0	0	0	0	0	500	500	400	0	0	0	0	200	250	300	2800	35	0	20	0	0	0	0	100	200020	0	0	0	0	1	100	1	10	0	0	0	0	0	0	0	0	-1	0	500	0	0	0	0	0	0	0	0	100	0	0	0	0	0	0	0	0	0
;	p_monai(p04)																																																																															
;	#바우트 몬스터 스크립트(부분)																																																																															
;	2005/09/26*																																																																															
;	필드별 설명을 보고 싶으면 bt_몬스터AI.doc 문서를 보시오.																																																																															
;	"P04 ""메간토"" 몬스터/보스 : 레벨 10"																																																																															
;	기본정보			기본난이도	L	1 	D	15							Base전 전용						AI 구성 요소(소수 안됨)																																					몬스터속성																						
;	INDEX	이름	그림 index	Life	D1	D2	총알데미지	변신취급	회복%	회복타입	점령형	파워업	대변공	대변방	Life가중	D1가중	D2가중	총뎀가중	본진취급	성향	점프추적	AI	총알idx	감지시야	추격시야	걷기시야	추격y	추격-y	총쏨min	총쏨max	지상공격	걷점공격	달점공격	헬프시야	점공%	총쏨%	막기%	총막기%	막기시야	소심%	헬프요%	분노%	패턴1	패턴2	패턴3	패턴4	패턴5	특수결정	카운터%	공격속성	도망확률	위기탈출	승룡권	난무필살	(예비)	(예비)	(예비)	클리핑	충돌	부활	파괴불가	무적시간	다운타입	방향전환	그림자	이름표	지형충돌	움직임	총쏨위선	렌더옵션	크기%	건물형	앞무적	앞오무적	오른무적	뒤오무적	뒤무적	뒤왼무적	왼무적	앞왼무적
	5	Shoveler	4	195 	25 	33 	0 	0 	0	0	0	0	1000 	0	0	0	0	0	0	0	0	0	0	400	700	400	0	0	0	0	120	250	300	700	20	0	0	0	296	0	0	0	0	0	0	0	0	0	0	0	0	0	0	0	0	0	0	0	0	-1	0	0	0	0	0	0	0	0	0	0	100	0	0	0	0	0	0	0	0	0
	6	Gamma	5	80 	8 	12 	0	0	0	0	0	0	1000	100	0	0	0	0	0	0	0	0	0	700	600	400	0	0	0	0	100	250	300	800	0	0	10	0	296	0	0	0	0	0	0	0	0	0	0	0	0	0	0	0	0	0	0	0	0	-1	0	0	0	0	0	0	0	0	0	0	105	0	0	0	0	0	0	0	0	0
	7	Cruncher	1	573 	25 	44 	0	1	0	0	0	0	1100 	100 	0	0	0	0	0	0	0	0	0	500	1000	400	0	0	0	0	100	250	300	2800	20	0	0	0	0	100	0	0	200012	0	0	0	0	0	0	0	2	0	0	0	0	0	0	0	0	-1	0	0	0	0	0	0	0	0	0	0	110	0	0	0	0	0	0	0	0	0
	8	Sircam	7	389 	20 	33 	0 	1 	0	0	0	0	1000 	0	0	0	0	0	0	0	0	0	0	500	700	400	0	0	0	0	120	250	300	700	5	0	20	0	296	0	0	100	0	0	0	0	0	0	0	0	20	0	0	1	0	0	0	0	0	-1	0	0	0	0	0	0	0	0	0	0	100	0	0	0	0	0	0	0	0	0
	9	CodeRed	9	2426 	38 	51 	0 	1 	0	0	0	0	1500 	200 	0	0	0	0	0	0	0	0	0	650	700	400	0	0	0	0	120	250	300	0	0	0	20	20	296	0	0	100	200010	300018	0	0	0	3	60	1	20	100	0	0	0	0	0	0	0	-1	0	500	0	0	0	0	0	0	0	0	100	0	0	0	0	0	0	0	0	0
;	p_monai(p05)																																																																															
;	#바우트 몬스터 스크립트(부분)																																																																															
;	2005/09/26*																																																																															
;	필드별 설명을 보고 싶으면 bt_몬스터AI.doc 문서를 보시오.																																																																															
;	"P05 ""플레임브릿지A"" 몬스터/보스 : 레벨 15"																																																																															
;	기본정보			기본난이도	L	1 	D	15							Base전 전용						AI 구성 요소(소수 안됨)																																					몬스터속성																						
;	INDEX	이름	그림 index	Life	D1	D2	총알데미지	변신취급	회복%	회복타입	점령형	파워업	대변공	대변방	Life가중	D1가중	D2가중	총뎀가중	본진취급	성향	점프추적	AI	총알idx	감지시야	추격시야	걷기시야	추격y	추격-y	총쏨min	총쏨max	지상공격	걷점공격	달점공격	헬프시야	점공%	총쏨%	막기%	총막기%	막기시야	소심%	헬프요%	분노%	패턴1	패턴2	패턴3	패턴4	패턴5	특수결정	카운터%	공격속성	도망확률	위기탈출	승룡권	난무필살	(예비)	(예비)	(예비)	클리핑	충돌	부활	파괴불가	무적시간	다운타입	방향전환	그림자	이름표	지형충돌	움직임	총쏨위선	렌더옵션	크기%	건물형	앞무적	앞오무적	오른무적	뒤오무적	뒤무적	뒤왼무적	왼무적	앞왼무적
	15	Slapper	0	148 	25 	36 	0 	0 	0	0	0	0	1000 	0	0	0	0	0	0	0	0	0	0	400	700	400	0	0	0	0	120	250	300	700	20	0	0	0	296	30	0	0	0	0	0	0	0	0	0	0	0	0	0	0	0	0	0	0	0	-1	0	0	0	0	0	0	0	0	0	0	100	0	0	0	0	0	0	0	0	0
	16	Ganda	2	148 	27 	38 	0 	0 	0	0	0	0	1000 	0	0	0	0	0	0	0	0	0	0	400	700	400	0	0	0	0	120	250	300	700	20	0	0	0	296	30	0	0	0	0	0	0	0	0	0	0	0	0	0	0	0	0	0	0	0	-1	0	0	0	0	0	0	0	0	0	0	100	0	0	0	0	0	0	0	0	0
	17	Shoveler	4	242 	25 	33 	0 	0 	0	0	0	0	1000 	0	0	0	0	0	0	0	0	0	0	400	700	400	0	0	0	0	120	250	300	700	0	0	10	10	296	0	0	0	0	0	0	0	0	0	0	0	0	0	0	0	0	0	0	0	0	-1	0	0	0	0	0	0	0	0	0	0	100	0	0	0	0	0	0	0	0	0
	18	Gamma	5	187 	28 	43 	0	0	0	0	0	0	1000	100	0	0	0	0	0	0	0	0	0	700	600	400	0	0	0	0	100	250	300	800	0	0	10	0	296	0	0	0	0	0	0	0	0	0	0	0	0	0	0	0	0	0	0	0	0	-1	0	0	0	0	0	0	0	0	0	0	105	0	0	0	0	0	0	0	0	0
	19	Cruncher	1	652 	28 	58 	0 	1 	0	0	0	0	1000 	200 	0	0	0	0	0	0	0	0	0	400	700	0	0	0	0	0	120	250	300	700	25	0	10	10	296	0	0	100	0	0	0	0	0	0	0	0	20	0	0	0	0	0	0	0	0	-1	0	0	0	0	0	0	0	0	0	0	100	0	0	0	0	0	0	0	0	0
	20	Cruncher	1	899 	75 	109 	0 	1 	0	0	0	0	1000 	200 	0	0	0	0	0	0	0	0	0	400	700	0	0	0	0	0	120	250	300	700	25	0	10	10	296	0	0	100	0	0	0	0	0	0	0	0	20	0	0	0	0	0	0	0	0	-1	0	0	0	0	0	0	0	0	0	1	100	0	0	0	0	0	0	0	0	0
	22	SergeantSector	90	2340 	56 	95 	0 	1 	0 	0	0	0	1200 	300 	0	0	0	0	0	0	1	0	0	500	700	400	0	0	0	0	115	250	300	0	8	0	20	30	296	0	0	50	300011	0	0	0	0	0	0	0	0	5	0	0	0	0	0	0	0	-1	0	0	0	0	0	0	0	0	0	0	130	0	0	0	0	0	0	0	0	0
;	p_monai(p06)																																																																															
;	#바우트 몬스터 스크립트(부분)																																																																															
;	2005/09/26*																																																																															
;	필드별 설명을 보고 싶으면 bt_몬스터AI.doc 문서를 보시오.																																																																															
;	"P06 ""플레임브릿지B"" 몬스터/보스 : 레벨 17"																																																																															
;	기본정보			기본난이도	L	1 	D	15							Base전 전용						AI 구성 요소(소수 안됨)																																					몬스터속성																						
;	INDEX	이름	그림 index	Life	D1	D2	총알데미지	변신취급	회복%	회복타입	점령형	파워업	대변공	대변방	Life가중	D1가중	D2가중	총뎀가중	본진취급	성향	점프추적	AI	총알idx	감지시야	추격시야	걷기시야	추격y	추격-y	총쏨min	총쏨max	지상공격	걷점공격	달점공격	헬프시야	점공%	총쏨%	막기%	총막기%	막기시야	소심%	헬프요%	분노%	패턴1	패턴2	패턴3	패턴4	패턴5	특수결정	카운터%	공격속성	도망확률	위기탈출	승룡권	난무필살	(예비)	(예비)	(예비)	클리핑	충돌	부활	파괴불가	무적시간	다운타입	방향전환	그림자	이름표	지형충돌	움직임	총쏨위선	렌더옵션	크기%	건물형	앞무적	앞오무적	오른무적	뒤오무적	뒤무적	뒤왼무적	왼무적	앞왼무적
	27	Slapper	0	148 	29 	41 	0 	0 	0	0	0	0	1000 	0	0	0	0	0	0	0	0	0	0	400	700	400	0	0	0	0	120	250	300	700	20	0	0	0	296	30	0	0	0	0	0	0	0	0	0	0	0	0	0	0	0	0	0	0	0	-1	0	0	0	0	0	0	0	0	0	0	100	0	0	0	0	0	0	0	0	0
	28	Ganda	2	148 	28 	48 	0 	0 	0	0	0	0	1000 	0	0	0	0	0	0	0	0	0	0	400	700	400	0	0	0	0	120	250	300	700	20	0	0	0	296	30	0	0	0	0	0	0	0	0	0	0	0	0	0	0	0	0	0	0	0	-1	0	0	0	0	0	0	0	0	0	0	100	0	0	0	0	0	0	0	0	0
	29	Shoveler	4	270 	30 	57 	0 	0 	0	0	0	0	1000 	0	0	0	0	0	0	0	0	0	0	400	700	400	0	0	0	0	120	250	300	700	0	0	10	10	296	0	0	0	0	0	0	0	0	0	0	0	5	0	0	0	0	0	0	0	0	-1	0	0	0	0	0	0	0	0	0	0	100	0	0	0	0	0	0	0	0	0
	30	Constructor	13	340 	32 	48 	0 	0 	0	0	0	0	1000 	200 	0	0	0	0	0	0	1	0	0	500	400	400	0	0	0	0	120	250	300	700	0	0	30	30	240	0	0	0	200010	200014	0	0	0	0	0	0	0	0	0	0	0	0	0	0	0	-1	0	0	0	0	0	0	0	0	0	0	110	0	0	0	0	0	0	0	0	0
	31	Cruncher	1	707 	36 	57 	0 	1 	0	0	0	0	1300 	200 	0	0	0	0	0	0	0	0	0	400	700	0	0	0	0	0	120	250	300	700	25	0	10	10	296	0	0	100	0	0	0	0	0	0	0	0	5	0	0	0	0	0	0	0	0	-1	0	0	0	0	0	0	0	0	0	0	100	0	0	0	0	0	0	0	0	0
	32	Etap	25	435 	55 	98 	0 	1 	0	0	0	0	1500 	150 	0	0	0	0	0	0	0	0	0	800	1000	130	0	0	0	0	130	0	350	700	20	0	10	20	296	100	0	100	0	0	0	0	0	0	0	0	0	0	0	0	0	0	0	0	0	-1	0	0	0	0	0	0	0	0	0	0	100	0	0	0	0	0	0	0	0	0
	33	Sasser	16	275 	46 	72 	0 	0 	0	0	0	0	1600 	100 	0	0	0	0	0	0	0	0	0	2200	2000	225	0	0	0	0	80	250	150	2800	10	0	25	0	0	0	0	0	100017	0	0	100026	0	0	0	0	2	0	0	0	0	0	0	0	0	-1	0	0	0	0	0	0	0	0	0	0	100	0	0	0	0	0	0	0	0	0
	34	SergeantSector	90	2540 	59 	99 	0 	1 	0 	0	0	0	1250 	300 	0	0	0	0	0	0	1	0	0	500	700	400	0	0	0	0	115	250	300	0	8	0	20	30	296	0	0	50	300010	0	0	0	0	0	0	0	0	5	0	0	0	0	0	0	0	-1	0	0	0	0	0	0	0	0	0	0	130	0	0	0	0	0	0	0	0	0
;	p_monai(p07)																																																																															
;	#바우트 몬스터 스크립트(부분)																																																																															
;	2005/09/26*																																																																															
;	필드별 설명을 보고 싶으면 bt_몬스터AI.doc 문서를 보시오.																																																																															
;	"P07 ""트레저케이브(칩투)"" 몬스터/보스 : 레벨 20"																																																																															
;	기본정보			기본난이도	L	1 	D	15							Base전 전용						AI 구성 요소(소수 안됨)																																					몬스터속성																						
;	INDEX	이름	그림 index	Life	D1	D2	총알데미지	변신취급	회복%	회복타입	점령형	파워업	대변공	대변방	Life가중	D1가중	D2가중	총뎀가중	본진취급	성향	점프추적	AI	총알idx	감지시야	추격시야	걷기시야	추격y	추격-y	총쏨min	총쏨max	지상공격	걷점공격	달점공격	헬프시야	점공%	총쏨%	막기%	총막기	막기시야	소심%	헬프요%	분노%	패턴1	패턴2	패턴3	패턴4	패턴5	특수결정	카운터	공격속성	도망확률	위기탈출	승룡권	난무필살	(예비)	(예비)	(예비)	클리핑	충돌	부활	파괴불가	무적시간	다운타입	방향전환	그림자	이름표	지형충돌	움직임	총쏨위선	렌더옵션	크기%	건물형	앞무적	앞오무적	오른무적	뒤오무적	뒤무적	뒤왼무적	왼무적	앞왼무적
	35	Nimba	61	206 	29 	37 	0 	0 	0	0	0	0	1000 	0 	0	0	0	0	0	0	0	0	0	2400	2500	400	0	0	0	0	200	250	150	2800	20	0	0	0	0	0	0	0	0	0	0	0	0	0	0	0	5	0	0	0	0	0	0	0	0	-1	0	0	0	0	0	0	0	0	0	0	100	0	0	0	0	0	0	0	0	0
	36	SergeantSector	90	1065 	44 	82 	0 	1 	0 	0	0	0	1250 	300 	0	0	0	0	0	0	1	0	0	500	700	400	0	0	0	0	110	250	300	0	8	0	20	30	296	0	0	50	300010	0	0	0	0	0	0	0	0	5	0	0	0	0	0	0	0	-1	0	0	0	0	0	0	0	0	0	0	110	0	0	0	0	0	0	0	0	0
	37	Scalper	12	412 	55 	80 	0 	1 	0	0	0	0	1000 	0 	0	0	0	0	0	0	0	0	0	400	500	400	0	0	0	0	120	250	300	2800	20	0	10	10	296	30	0	100	0	0	0	0	0	0	0	1	0	0	0	0	0	0	0	0	0	-1	0	0	0	0	0	0	0	0	0	0	90	0	0	0	0	0	0	0	0	0
	38	EliteScalper	12	824 	82 	110 	0 	1 	0	0	0	0	1500 	200 	0	0	0	0	0	0	0	0	0	800	700	400	0	0	0	0	120	250	300	2800	20	0	10	10	296	30	0	100	0	0	0	0	0	0	0	1	20	0	0	0	0	0	0	0	0	-1	0	0	0	0	0	0	0	0	0	0	100	0	0	0	0	0	0	0	0	0
	39	Conficker	26	986 	80 	113 	0 	1 	0	0	0	0	2000 	350 	0	0	0	0	0	0	0	0	0	800	1000	400	0	0	0	0	150	250	300	700	20	0	8	20	296	100	0	100	0	0	0	0	0	0	0	0	0	0	0	0	0	0	0	0	0	-1	0	0	0	0	0	0	0	0	0	1	100	0	0	0	0	0	0	0	0	0
	40	Mandragore	11	515 	96 	146 	0 	1 	0	0	0	0 	1500 	200 	0	0	0	0	0	0	0	0	0	2800	2700	400	0	0	0	0	120	250	300	2800	0	0	10	10	296	30	0	100	6200010	6200020	0	0	0	0	0	1	0	0	0	0	0	0	0	1	0	-1	0	0	0	0	0	0	0	0	0	0	100	0	0	0	0	0	0	0	0	0
	41	Melissa	15	2972 	82 	110 	0 	1 	0	0	0	0	1600 	200 	0	0	0	0	0	0	0	0	0	1000	500	400	0	0	0	0	200	250	300	2800	5	0	15	15	296	0	0	100	200015	0	0	0	0	0	0	1	10	30	0	0	0	0	0	1	0	-1	0	500	0	0	0	0	0	0	0	0	100	0	0	0	0	0	0	0	0	0
;	p_monai(p08)																																																																															
;	#바우트 몬스터 스크립트(부분)																																																																															
;	2005/09/26*																																																																															
;	필드별 설명을 보고 싶으면 bt_몬스터AI.doc 문서를 보시오.																																																																															
;	"P08""트레저케이브(탈출)"" 몬스터/보스 : 레벨 20"																																																																															
;	기본정보			기본난이도	L	1 	D	15							Base전 전용						AI 구성 요소(소수 안됨)																																					몬스터속성																						
;	INDEX	이름	그림 index	Life	D1	D2	총알데미지	변신취급	회복%	회복타입	점령형	파워업	대변공	대변방	Life가중	D1가중	D2가중	총뎀가중	본진취급	성향	점프추적	AI	총알idx	감지시야	추격시야	걷기시야	추격y	추격-y	총쏨min	총쏨max	지상공격	걷점공격	달점공격	헬프시야	점공%	총쏨%	막기%	총막기%	막기시야	소심%	헬프요%	분노%	패턴1	패턴2	패턴3	패턴4	패턴5	특수결정	카운터	공격속성	도망확률	위기탈출	승룡권	난무필살	(예비)	(예비)	(예비)	클리핑	충돌	부활	파괴불가	무적시간	다운타입	방향전환	그림자	이름표	지형충돌	움직임	총쏨위선	렌더옵션	크기	건물형	앞무적	앞오무적	오른무적	뒤오무적	뒤무적	뒤왼무적	왼무적	앞왼무적
	42	Gamma	5	255 	32 	53 	0	0	0	0	0	0	1000	100	0	0	0	0	0	0	0	0	0	10700	10600	400	0	0	0	0	100	250	300	800	0	0	10	0	296	0	0	0	0	0	0	0	0	0	0	0	0	0	0	0	0	0	0	0	0	-1	0	0	0	0	0	0	0	0	0	0	105	0	0	0	0	0	0	0	0	0
	43	Morlock	6	899 	77 	104 	0 	1 	0 	0 	0 	0 	1250 	200 	0	0	0	0	0	0	0	0	0	1200	800	400	0	0	0	0	120	250	300	2000	20	0	8	20	296	0	20	10	200014	0	0	0	0	0	0	0	10	0	0	0	0	0	0	0	0	-1	0	0	0	0	0	0	0	0	0	0	100	0	0	0	0	0	0	0	0	0
	44	Constructor	13	512 	44 	65 	0 	0 	0	0	0	0	1000 	200 	0	0	0	0	0	0	1	0	0	500	400	400	0	0	0	0	120	250	300	700	0	0	30	30	240	0	0	0	200010	200014	0	0	0	0	0	0	0	0	0	0	0	0	0	0	0	-1	0	0	0	0	0	0	0	0	0	0	110	0	0	0	0	0	0	0	0	0
	45	Conficker	26	615 	65 	94 	0 	1 	0	0	0	0	2000 	350 	0	0	0	0	0	0	0	0	0	8000	10000	400	0	0	0	0	150	250	300	700	20	0	8	20	296	100	0	100	0	0	0	0	0	0	0	0	0	0	0	0	0	0	0	0	0	-1	0	0	0	0	0	0	0	0	0	0	100	0	0	0	0	0	0	0	0	0
	46	EliteEtap	25	3165 	65 	118 	0 	1 	0	0	0	0	1800 	180 	0	0	0	0	0	0	0	0	0	800	1000	170	0	0	0	0	170	0	350	700	20	0	10	20	296	100	0	100	0	0	0	0	0	0	0	0	0	0	0	0	0	0	0	0	0	-1	0	0	0	0	0	0	0	0	0	0	140	0	0	0	0	0	0	0	0	0
	47	SergeantSector	90	1065 	44 	82 	0 	1 	0 	0	0	0	1250 	300 	0	0	0	0	0	0	1	0	0	500	700	400	0	0	0	0	110	250	300	0	8	0	20	30	296	0	0	50	300010	0	0	0	0	0	0	0	0	5	0	0	0	0	0	0	0	-1	0	0	0	0	0	0	0	0	0	1	110	0	0	0	0	0	0	0	0	0
	48	Virus-Commander	61	1195 	58 	75 	0 	0 	0	0	0	0	1300 	100 	0	0	0	0	0	0	0	0	0	3000	5000	400	0	0	0	0	120	250	300	2800	0	0	0	0	0	0	0	0	0	0	0	0	0	0	0	0	5	0	0	0	0	0	0	0	0	-1	0	0	0	0	0	0	0	0	0	3	140	0	0	0	0	0	0	0	0	0
	49	Chief	61	1249 	65 	84 	0 	0 	0	0	0	0	1300 	100 	0	0	0	0	0	0	0	0	0	3000	5000	400	0	0	0	0	120	250	300	2800	0	0	0	0	0	0	0	0	0	0	0	0	0	0	0	0	5	0	0	0	0	0	0	0	0	-1	0	0	0	0	0	0	0	0	0	3	140	0	0	0	0	0	0	0	0	0
	50	Ganda	2	188 	29 	42 	0 	0 	0	0	0	0	1000 	0	0	0	0	0	0	0	0	0	0	500	700	400	0	0	0	0	120	250	300	700	20	0	10	10	296	30	0	0	0	0	0	0	0	0	0	0	10	0	0	0	0	0	0	0	0	-1	0	0	0	0	0	0	0	0	0	0	100	0	0	0	0	0	0	0	0	0
;	p_monai(p09)																																																																															
;	#바우트 몬스터 스크립트(부분)																																																																															
;	2005/09/26*																																																																															
;	필드별 설명을 보고 싶으면 bt_몬스터AI.doc 문서를 보시오.																																																																															
;	"P09""올스타스테이지"" 몬스터/보스 : 레벨 25"																																																																															
;	기본정보			기본난이도	L	1 	D	15							Base전 전용						AI 구성 요소(소수 안됨)																																					몬스터속성																						
;	INDEX	이름	그림 index	Life	D1	D2	총알데미지	변신취급	회복%	회복타입	점령형	파워업	대변공	대변방	Life가중	D1가중	D2가중	총뎀가중	본진취급	성향	점프추적	AI	총알idx	감지시야	추격시야	걷기시야	추격y	추격-y	총쏨min	총쏨max	지상공격	걷점공격	달점공격	헬프시야	점공%	총쏨%	막기%	총막기%	막기시야	소심%	헬프요%	분노%	패턴1	패턴2	패턴3	패턴4	패턴5	특수결정	카운터	공격속성	도망확률	위기탈출	승룡권	난무필살	(예비)	(예비)	(예비)	클리핑	충돌	부활	파괴불가	무적시간	다운타입	방향전환	그림자	이름표	지형충돌	움직임	총쏨위선	렌더옵션	크기	건물형	앞무적	앞오무적	오른무적	뒤오무적	뒤무적	뒤왼무적	왼무적	앞왼무적
	51	Slapper	0	233 	28 	38 	0 	0 	0	0	0	0	1000 	200 	0	0	0	0	0	0	0	0	0	10000	10000	400	0	0	0	0	120	250	300	2800	20	0	0	0	0	30	0	0	0	0	0	0	0	0	0	0	0	0	0	0	0	0	0	0	0	-1	0	0	0	0	0	0	0	0	0	0	100	0	0	0	0	0	0	0	0	0
	52	SergeantSector	90	1172 	51 	95 	0 	1 	0 	0	0	0	1250 	300 	0	0	0	0	0	0	1	0	0	500	700	400	0	0	0	0	110	250	300	0	8	0	20	30	296	0	0	50	300010	0	0	0	0	0	0	0	0	5	0	0	0	0	0	0	0	-1	0	0	0	0	0	0	0	0	0	0	110	0	0	0	0	0	0	0	0	0
	53	Etap	25	479 	55 	98 	0 	1 	0	0	0	0	1500 	150 	0	0	0	0	0	0	0	0	0	800	1000	130	0	0	0	0	130	0	350	700	20	0	10	20	296	100	0	100	0	0	0	0	0	0	0	0	0	0	0	0	0	0	0	0	0	-1	0	0	0	0	0	0	0	0	0	0	100	0	0	0	0	0	0	0	0	0
	54	Morlock	6	989 	88 	117 	0 	1 	0 	0 	0 	0 	1350 	200 	0	0	0	0	0	0	0	0	0	1200	800	400	0	0	0	0	120	250	300	2000	20	0	8	20	296	0	20	10	200014	0	0	0	0	0	0	0	10	0	0	0	0	0	0	0	0	-1	0	0	0	0	0	0	0	0	0	0	100	0	0	0	0	0	0	0	0	0
	55	Shoveler	4	363 	48 	57 	0 	0 	0	0	0	0	1000 	200 	0	0	0	0	0	0	0	0	0	10000	10000	400	0	0	0	0	120	250	300	2800	20	0	0	0	0	0	0	0	0	0	0	0	0	0	0	0	5	0	0	0	0	0	0	0	0	-1	0	0	0	0	0	0	0	0	0	0	100	0	0	0	0	0	0	0	0	0
	56	Crypto-King	7	2500 	45 	75 	0 	0 	0	0	0	0	1600 	200 	0	0	0	0	0	0	0	0	0	10000	10000	400	0	0	0	0	120	250	300	2800	30	0	15	15	296	0	0	100	200012	0	0	0	0	0	50	0	5	0	0	1	0	0	0	0	0	-1	0	0	0	0	0	0	0	0	0	3	190	0	0	0	0	0	0	0	0	0
	57	Breetnee	4	233 	48 	80 	0 	0 	0	0	0	0	1000 	200 	0	0	0	0	0	0	0	0	0	10000	10000	0	0	0	0	0	120	250	300	2800	10	0	15	15	296	0	0	0	0	0	0	0	0	0	0	0	5	0	0	0	0	0	0	0	0	-1	0	0	0	0	0	0	0	0	0	0	120	0	0	0	0	0	0	0	0	0
	58	Shoveler	4	316 	47 	68 	0 	0 	0	0	0	0	1400 	100	0	0	0	0	0	0	0	0	0	400	700	400	0	0	0	0	120	250	300	700	0	0	10	10	296	0	0	0	0	0	0	0	0	0	0	0	0	0	0	0	0	0	0	0	0	-1	0	0	0	0	0	0	0	0	0	0	100	0	0	0	0	0	0	0	0	0
	59	Constructor	13	563 	57 	81 	0 	0 	0	0	0	0	1000 	200 	0	0	0	0	0	0	1	0	0	500	400	400	0	0	0	0	120	250	300	700	0	0	30	30	240	0	0	0	200010	200014	0	0	0	0	0	0	0	0	0	0	0	0	0	0	0	-1	0	0	0	0	0	0	0	0	0	0	110	0	0	0	0	0	0	0	0	0
	60	Enforcer	91	795 	200 	300 	115 	1 	0	0	0	0	1500 	100	0	0	0	0	0	0	1	0	6	1100	1050	1000	10	10	0	1200	1100	0	0	0	0	100	10	5	296	100	0	0	103009	0	0	0	0	0	0	0	0	0	0	0	0	0	0	0	0	-1	0	0	0	0	0	0	0	0	110	0	90	0	0	0	0	0	0	0	0	0
	61	Cruncher	1	787 	69 	92 	0 	1 	0	0	0	0	1300 	200 	0	0	0	0	0	0	0	0	0	400	700	0	0	0	0	0	120	250	300	700	25	0	10	10	296	0	0	100	0	0	0	0	0	0	0	0	2	0	0	0	0	0	0	0	0	-1	0	0	0	0	0	0	0	0	0	0	100	0	0	0	0	0	0	0	0	0
	62	Blaster	8	1420 	106 	128 	0 	1 	0	0	0	0	1000 	200 	0	0	0	0	0	0	0	0	0	10000	10000	400	0	0	0	0	200	250	300	2800	35	0	10	10	296	0	0	100	200011	0	0	0	0	1	100	1	10	0	0	0	0	0	0	0	0	-1	0	0	0	0	0	0	0	0	0	0	100	0	0	0	0	0	0	0	0	0
	63	Conficker	26	677 	78 	113 	0 	1 	0	0	0	0	2000 	350 	0	0	0	0	0	0	0	0	0	800	1000	400	0	0	0	0	150	250	300	700	20	0	8	20	296	100	0	100	0	0	0	0	0	0	0	0	0	0	0	0	0	0	0	0	0	-1	0	0	0	0	0	0	0	0	0	0	100	0	0	0	0	0	0	0	0	0
	64	Bugbear	10	1167 	98 	128 	0 	1 	0	0	0	0	2000 	200 	0	0	0	0	0	0	0	0	0	10000	10000	0	0	0	0	0	120	250	300	2800	35	0	10	10	296	0	0	100	0	200020	0	0	0	0	0	1	10	0	0	0	0	0	0	0	0	-1	0	0	0	0	0	0	0	0	0	0	100	0	0	0	0	0	0	0	0	0
	65	Bugbear	10	1625 	112 	144 	0 	1 	0	0	0	0	1500 	200 	0	0	0	0	0	0	0	0	0	10000	10000	0	0	0	0	0	120	250	300	2800	35	0	10	10	296	0	0	100	200012	200022	0	0	0	0	0	1	10	0	0	0	0	0	0	0	0	-1	0	0	0	0	0	0	0	0	0	0	100	0	0	0	0	0	0	0	0	0
	66	Melissa	15	1867 	126 	154 	0 	1 	0	0	0	0	1000 	200 	0	0	0	0	0	0	0	0	0	10000	10000	400	0	0	0	0	200	250	300	2800	5	0	10	10	296	0	0	100	200013	0	0	0	0	0	0	1	10	0	0	0	0	0	0	1	0	-1	0	500	0	0	0	0	0	0	0	0	100	0	0	0	0	0	0	0	0	0
	67	Shamoon	14	325 	88 	112 	0 	0 	0	0	0	0	1600 	200 	0	0	0	0	0	0	0	0	0	800	1000	225	0	0	0	0	80	250	150	2800	0	0	5	10	296	0	0	0	0	0	0	200012	0	0	0	0	0	0	0	0	0	0	0	0	0	-1	0	0	0	0	0	0	0	0	0	1	110	0	0	0	0	0	0	0	0	0
;	p_monai(p99)																																																																															
;	#바우트 몬스터 스크립트(부분)																																																																															
;	2005/09/26*																																																																															
;	필드별 설명을 보고 싶으면 bt_몬스터AI.doc 문서를 보시오.																																																																															
;	"P99(이벤트) ""눈사람클로스"""																																																																															
;	기본정보			기본난이도	L	1 	D	15							Base전 전용						AI 구성 요소(소수 안됨)																																					몬스터속성																						
;	INDEX	이름	그림 index	Life	D1	D2	총알데미지	변신취급	회복%	회복타입	점령형	파워업	대변공	대변방	Life가중	D1가중	D2가중	총뎀가중	본진취급	성향	점프추적	AI	총알idx	감지시야	추격시야	걷기시야	추격y	추격-y	총쏨min	총쏨max	지상공격	걷점공격	달점공격	헬프시야	점공%	총쏨%	막기%	총막기%	막기시야	소심%	헬프요%	분노%	패턴1	패턴2	패턴3	패턴4	패턴5	특수결정	카운터	공격속성	도망확률	위기탈출	승룡권	난무필살	(예비)	(예비)	(예비)	클리핑	충돌	부활	파괴불가	무적시간	다운타입	방향전환	그림자	이름표	지형충돌	움직임	총쏨위선	렌더옵션	크기%	건물형	앞무적	앞오무적	오른무적	뒤오무적	뒤무적	뒤왼무적	왼무적	앞왼무적
	68	Storage-Master	44	2225 	50 	50 	185	0	0	0	0	0	1500	200	0	0	0	0	0	0	1	0	3	2000	2500	1200	0	0	0	1000	100	250	300	0	0	100	30	30	296	100	100	0	0	0	0	0	0	0	0	0	20	0	0	0	0	0	0	1	0	-1	0	1000	0	0	0	0	0	0	50	0	190	0	0	0	0	0	0	0	0	0
	69	Sasser	16	325 	78 	106 	0 	0 	0	0	0	0	1600 	100 	0	0	0	0	0	0	0	0	0	1200	1000	225	0	0	0	0	80	250	150	2800	10	0	25	0	0	0	0	0	100017	0	0	100026	0	0	0	0	2	0	0	0	0	0	0	0	0	-1	0	0	0	0	0	0	0	0	0	1	100	0	0	0	0	0	0	0	0	0
;	p_monai(p10)																																																																															
;	#바우트 몬스터 스크립트(부분)																																																																															
;	2005/09/26*																																																																															
;	필드별 설명을 보고 싶으면 bt_몬스터AI.doc 문서를 보시오.																																																																															
;	"P10""<더바우터>공식맵"" 몬스터/보스 : 레벨 25"																																																																															
;	기본정보			기본난이도	L	1 	D	15							Base전 전용						AI 구성 요소(소수 안됨)																																					몬스터속성																						
;	INDEX	이름	그림 index	Life	D1	D2	총알데미지	변신취급	회복%	회복타입	점령형	파워업	대변공	대변방	Life가중	D1가중	D2가중	총뎀가중	본진취급	성향	점프추적	AI	총알idx	감지시야	추격시야	걷기시야	추격y	추격-y	총쏨min	총쏨max	지상공격	걷점공격	달점공격	헬프시야	점공%	총쏨%	막기%	총막기%	막기시야	소심%	헬프요%	분노%	패턴1	패턴2	패턴3	패턴4	패턴5	특수결정	카운터	공격속성	도망확률	위기탈출	승룡권	난무필살	(예비)	(예비)	(예비)	클리핑	충돌	부활	파괴불가	무적시간	다운타입	방향전환	그림자	이름표	지형충돌	움직임	총쏨위선	렌더옵션	크기	건물형	앞무적	앞오무적	오른무적	뒤오무적	뒤무적	뒤왼무적	왼무적	앞왼무적
	70	Gamma	5	325 	51 	77 	0	0	0	0	0	0	1000	100	0	0	0	0	0	0	0	0	0	700	600	400	0	0	0	0	100	250	300	800	0	0	10	0	296	0	0	0	0	0	0	0	0	0	0	0	0	0	0	0	0	0	0	0	0	-1	0	0	0	0	0	0	0	0	0	0	105	0	0	0	0	0	0	0	0	0
	71	Etap	25	527 	63 	113 	0 	1 	0	0	0	0	1500 	150 	0	0	0	0	0	0	0	0	0	800	1000	130	0	0	0	0	130	0	350	700	20	0	10	20	296	100	0	100	0	0	0	0	0	0	0	0	0	0	0	0	0	0	0	0	0	-1	0	0	0	0	0	0	0	0	0	0	100	0	0	0	0	0	0	0	0	0
	72	Creeper	30	864 	122 	148 	0 	1 	0	0	0	0	1500 	150 	0	0	0	0	0	0	0	0	0	800	1000	130	0	0	0	0	130	0	350	700	20	0	10	20	296	100	0	100	0	0	0	0	0	0	0	0	0	0	0	0	0	0	0	0	0	-1	0	0	0	0	0	0	0	0	0	1	125	0	0	0	0	0	0	0	0	0
	73	Etap	25	685 	98 	135 	0 	1 	0	0	0	0	1500 	150 	0	0	0	0	0	0	0	0	0	800	1000	130	0	0	0	0	130	0	350	700	20	0	10	20	296	100	0	100	0	0	0	0	0	0	0	0	0	0	0	0	0	0	0	0	0	-1	0	0	0	0	0	0	0	0	0	1	100	0	0	0	0	0	0	0	0	0
	74	Gamma	5	366 	87 	102 	0	0	0	0	0	0	1000	100	0	0	0	0	0	0	0	0	0	700	600	400	0	0	0	0	100	250	300	800	0	0	10	0	296	0	0	0	0	0	0	0	0	0	0	0	0	0	0	0	0	0	0	0	0	-1	0	0	0	0	0	0	0	0	0	0	105	0	0	0	0	0	0	0	0	0
	75	Stuxnet	32	1366 	67 	159 	0 	1 	0	0	0	0	1700 	400 	0	0	0	0	0	0	0	0	0	400	700	300	0	0	0	0	100	250	300	700	20	0	5	15	296	30	0	0	0	0	0	0	0	0	0	0	5	0	0	0	0	0	0	0	0	-1	0	0	0	0	0	0	0	0	0	0	130	0	0	0	0	0	0	0	0	0
	76	Macho-Z	23	2248 	110 	152 	0 	1 	0	0	0	0	1500 	200 	0	0	0	0	0	0	0	0	0	800	400	400	0	0	0	0	140	0	0	2800	0	0	15	15	296	0	100	100	100015	100020	200025	200030	0	0	0	1	20	20	0	0	0	0	0	0	0	-1	0	0	0	0	0	0	0	0	0	0	115	0	0	0	0	0	0	0	0	0
	77	Boza	59	343 	69 	108 	0 	0 	0	0	0	0	1300 	200 	0	0	0	0	0	0	1	0	0	400	350	300	0	0	0	0	120	250	200	2800	0	0	10	10	296	0	0	0	0	0	0	0	0	0	0	0	0	0	0	0	0	0	0	0	0	-1	0	0	0	0	0	0	0	0	0	0	100	0	0	0	0	0	0	0	0	0
	78	Kakworm	44	349 	36 	50 	143 	0 	0	0	0	0	1300 	200 	0	0	0	0	0	0	0	0	5	1500	0	1000	0	0	0	1300	100	250	300	0	0	100	10	10	296	100	0	0	0	0	0	0	0	0	0	2	0	0	0	0	0	0	0	1	0	-1	0	0	0	0	0	0	0	1	50	0	115	0	0	0	0	0	0	0	0	0
	79	Wazzu	60	343 	36 	50 	108 	0 	0	0	0	0	1300 	200 	0	0	0	0	0	0	1	0	5	900	2500	1200	0	0	0	1000	100	250	300	0	0	100	10	10	296	100	0	0	111003	0	0	0	0	0	0	0	0	0	0	0	0	0	0	1	0	-1	0	0	0	0	0	0	0	0	50	0	100	0	0	0	0	0	0	0	0	0
	80	Stuxnet	32	1503 	77 	183 	0 	1 	0	0	0	0	1700 	400 	0	0	0	0	0	0	0	0	0	400	700	300	0	0	0	0	100	250	300	700	20	0	5	15	296	30	0	0	0	0	0	0	0	0	0	0	5	0	0	0	0	0	0	0	0	-1	0	0	0	0	0	0	0	0	0	0	130	0	0	0	0	0	0	0	0	0
	81	hpbarrel	89	1 	1 	1 	0	0	0	0	0	0	1000	0	0	0	0	0	0	0	0	0	0	0	0	0	0	0	0	0	0	0	0	0	0	0	0	0	0	0	0	0	0	0	0	0	0	0	0	0	0	0	0	0	0	0	0	0	0	-1	0	0	0	1	0	1	0	1	0	1	100	0	0	0	0	0	0	0	0	0
	82	rchbarrel	89	1 	1 	1 	0	0	0	0	0	0	1000	0	0	0	0	0	0	0	0	0	0	0	0	0	0	0	0	0	0	0	0	0	0	0	0	0	0	0	0	0	0	0	0	0	0	0	0	0	0	0	0	0	0	0	0	0	0	-1	0	0	0	1	0	1	0	1	0	0	90	0	0	0	0	0	0	0	0	0
	83	transbarrel	89	1 	1 	1 	0	0	0	0	0	0	1000	0	0	0	0	0	0	0	0	0	0	0	0	0	0	0	0	0	0	0	0	0	0	0	0	0	0	0	0	0	0	0	0	0	0	0	0	0	0	0	0	0	0	0	0	0	0	-1	0	0	0	1	0	1	0	1	0	0	90	0	0	0	0	0	0	0	0	0
	84	randbarrel	89	1 	1 	1 	0	0	0	0	0	0	1000	0	0	0	0	0	0	0	0	0	0	0	0	0	0	0	0	0	0	0	0	0	0	0	0	0	0	0	0	0	0	0	0	0	0	0	0	0	0	0	0	0	0	0	0	0	0	-1	0	0	0	1	0	1	0	1	0	0	100	0	0	0	0	0	0	0	0	0
	85	barrel	89	1 	1 	1 	0	0	0	0	0	0	1000	0	0	0	0	0	0	0	0	0	0	0	0	0	0	0	0	0	0	0	0	0	0	0	0	0	0	0	0	0	0	0	0	0	0	0	0	0	0	0	0	0	0	0	0	0	0	-1	0	0	0	1	0	1	0	1	0	0	100	0	0	0	0	0	0	0	0	0
	86	barrel	89	1 	1 	1 	0	0	0	0	0	0	1000	0	0	0	0	0	0	0	0	0	0	0	0	0	0	0	0	0	0	0	0	0	0	0	0	0	0	0	0	0	0	0	0	0	0	0	0	0	0	0	0	0	0	0	0	0	0	-1	0	0	0	1	0	1	0	1	0	1	100	0	0	0	0	0	0	0	0	0
;	p_monai(p11)																																																																															
;	#바우트 몬스터 스크립트(부분)																																																																															
;	2005/09/26*																																																																															
;	필드별 설명을 보고 싶으면 bt_몬스터AI.doc 문서를 보시오.																																																																															
;	"P11 ""바이스리가"" 몬스터/보스 : 레벨 30"																																																																															
;	기본정보			기본난이도	L	1 	D	15							Base전 전용						AI 구성 요소(소수 안됨)																																					몬스터속성																						
;	INDEX	이름	그림 index	Life	D1	D2	총알데미지	변신취급	회복%	회복타입	점령형	파워업	대변공	대변방	Life가중	D1가중	D2가중	총뎀가중	본진취급	성향	점프추적	AI	총알idx	감지시야	추격시야	걷기시야	추격y	추격-y	총쏨min	총쏨max	지상공격	걷점공격	달점공격	헬프시야	점공%	총쏨%	막기%	총막기%	막기시야	소심%	헬프요%	분노%	패턴1	패턴2	패턴3	패턴4	패턴5	특수결정	카운터	공격속성	도망확률	위기탈출	승룡권	난무필살	(예비)	(예비)	(예비)	클리핑	충돌	부활	파괴불가	무적시간	다운타입	방향전환	그림자	이름표	지형충돌	움직임	총쏨위선	렌더옵션	크기	건물형	앞무적	앞오무적	오른무적	뒤오무적	뒤무적	뒤왼무적	왼무적	앞왼무적
	87	Nimba	61	226 	37 	46 	0 	0 	0	0	0	0	1000 	0	0	0	0	0	0	0	1	0	0	800	700	400	0	0	0	0	120	250	200	2800	20	0	0	0	0	0	0	0	0	0	0	0	0	0	0	0	5	0	0	0	0	0	0	0	0	-1	0	0	0	0	0	0	0	0	0	0	100	0	0	0	0	0	0	0	0	0
	88	Gamma	5	295 	44 	67 	0	0	0	0	0	0	1000	100	0	0	0	0	0	0	0	0	0	700	600	400	0	0	0	0	100	250	300	800	0	0	10	0	296	0	0	0	0	0	0	0	0	0	0	0	0	0	0	0	0	0	0	0	0	-1	0	0	0	0	0	0	0	0	0	0	105	0	0	0	0	0	0	0	0	0
	89	Scalper	12	453 	63 	96 	0 	1 	0	0	0	0	1500 	200 	0	0	0	0	0	0	1	0	0	800	700	400	0	0	0	0	120	250	300	2800	20	0	15	15	296	30	0	100	0	0	0	0	0	0	0	1	20	0	0	0	0	0	0	0	0	-1	0	0	0	0	0	0	0	0	0	0	100	0	0	0	0	0	0	0	0	0
	90	Mandragore	11	566 	106 	166 	0 	1 	0	0	0	0	1500 	200 	0	0	0	0	0	0	0	0	0	800	700	400	0	0	0	0	120	250	300	2800	0	0	0	0	0	30	0	100	200030	200020	0	0	0	0	0	6	0	0	0	0	0	0	0	1	0	-1	0	0	0	0	0	0	0	0	0	0	100	0	0	0	0	0	0	0	0	0
	91	EliteShamoon	14	3253 	93 	118 	0 	1 	0	0	0	0	1600 	200 	0	0	0	0	0	0	0	0	0	800	1000	225	0	0	0	0	80	250	150	2800	0	0	8	20	296	0	0	0	0	0	0	300014	0	0	0	0	0	0	0	0	0	0	0	0	0	-1	0	0	0	0	0	0	0	0	0	0	145	0	0	0	0	0	0	0	0	0
	92	Sasser	16	275 	52 	76 	0 	0 	0	0	0	0	1600 	100 	0	0	0	0	0	0	0	0	0	1200	1000	225	0	0	0	0	80	250	150	2800	10	0	25	0	0	0	0	0	100012	0	0	100020	0	0	0	0	2	0	0	0	0	0	0	0	0	-1	0	0	0	0	0	0	0	0	0	0	100	0	0	0	0	0	0	0	0	0
	93	EliteScalper	12	1149 	98 	128 	0 	1 	0	0	0	0	1500 	200 	0	0	0	0	0	0	1	0	0	800	700	400	0	0	0	0	120	250	300	2800	20	0	15	15	296	30	0	100	0	0	0	0	0	0	0	1	0	0	0	0	0	0	0	0	0	-1	0	0	0	0	0	0	0	0	0	0	100	0	0	0	0	0	0	0	0	0
;	p_monai(p12)																																																																															
;	#바우트 몬스터 스크립트(부분)																																																																															
;	2005/09/26*																																																																															
;	필드별 설명을 보고 싶으면 bt_몬스터AI.doc 문서를 보시오.																																																																															
;	"P12 ""울트라블랙(선착장)"" 몬스터/보스 : 레벨 35"																																																																															
;	기본정보			기본난이도	L	1 	D	15							Base전 전용						AI 구성 요소(소수 안됨)																																					몬스터속성																						
;	INDEX	이름	그림 index	Life	D1	D2	총알데미지	변신취급	회복%	회복타입	점령형	파워업	대변공	대변방	Life가중	D1가중	D2가중	총뎀가중	본진취급	성향	점프추적	AI	총알idx	감지시야	추격시야	걷기시야	추격y	추격-y	총쏨min	총쏨max	지상공격	걷점공격	달점공격	헬프시야	점공%	총쏨%	막기%	총막기%	막기시야	소심%	헬프요%	분노%	패턴1	패턴2	패턴3	패턴4	패턴5	특수결정	카운터	공격속성	도망확률	위기탈출	승룡권	난무필살	(예비)	(예비)	(예비)	클리핑	충돌	부활	파괴불가	무적시간	다운타입	방향전환	그림자	이름표	지형충돌	움직임	총쏨위선	렌더옵션	크기	건물형	앞무적	앞오무적	오른무적	뒤오무적	뒤무적	뒤왼무적	왼무적	앞왼무적
	94	Dropped-Item	21	1 	1 	1 	0 	0 	0	0	0	0	1000 	0	0	0	0	0	0	0	0	0	0	0	0	0	0	0	0	0	0	0	0	0	0	0	0	0	0	0	0	0	0	0	0	0	0	0	0	0	0	0	0	0	0	0	0	0	0	-1	0	0	0	1	1	1	0	1	0	0	100	0	0	0	0	0	0	0	0	0
	95	Michelangelo	22	1 	192 	266 	0 	1 	0	0	0	0	1300 	0	0	0	0	0	0	0	0	0	0	800	900	800	0	0	0	0	0	0	0	0	0	0	0	0	0	0	0	0	101003	0	0	0	0	0	0	4	0	0	0	0	0	0	0	3	0	-1	1	0	0	1	1	1	1	1	0	0	100	0	0	0	0	0	0	0	0	0
	96	Macho-Z	23	3378 	86 	119 	0 	1 	0	0	0	0	1500 	200 	0	0	0	0	0	0	0	0	0	800	400	400	0	0	0	0	140	0	0	2800	0	0	15	15	296	0	100	100	100013	100018	100023	200030	0	0	0	1	20	20	0	0	0	0	0	0	0	-1	0	0	0	0	0	0	0	0	0	0	115	0	0	0	0	0	0	0	0	0
	97	Ganda	2	207 	33 	48 	0	0	0	0	0	0	1250 	200 	0	0	0	0	0	0	0	0	0	500	700	400	0	0	0	0	120	250	300	2800	20	0	15	20	296	30	0	0	0	0	0	0	0	0	0	0	10	0	0	0	0	0	0	0	0	-1	0	0	0	0	0	0	0	0	0	0	110	0	0	0	0	0	0	0	0	0
	98	Boza	59	258 	45 	71 	0 	0 	0	0	0	0	1250 	200 	0	0	0	0	0	0	1	0	0	400	350	300	0	0	0	0	120	250	200	2800	0	0	0	0	0	0	0	0	0	0	0	0	0	0	0	0	0	0	0	0	0	0	0	0	0	-1	0	0	0	0	0	0	0	0	0	0	100	0	0	0	0	0	0	0	0	0
	99	Wazzu	60	258 	26 	39 	71 	0 	0	0	0	0	1300 	200 	0	0	0	0	0	0	1	0	5	900	2500	1200	0	0	0	1000	100	250	300	0	0	100	10	10	296	100	0	0	0	0	0	0	0	0	0	0	0	0	0	0	0	0	0	1	0	-1	0	0	0	0	0	0	0	0	50	0	100	0	0	0	0	0	0	0	0	0
	100	Kakworm	44	255 	26 	47 	94 	0 	0	0	0	0	1300 	200 	0	0	0	0	0	0	0	0	5	1000	0	1000	0	0	0	1300	100	250	300	0	0	100	0	0	0	100	0	0	0	0	0	0	0	0	0	2	10	0	0	0	0	0	0	1	0	-1	0	0	0	0	0	0	0	1	50	0	110	0	0	0	0	0	0	0	0	0
	101	Special-Dropped-Item	21	1 	1 	1 	0 	0 	0	0	0	0	1000 	0	0	0	0	0	0	0	0	0	0	0	0	0	0	0	0	0	0	0	0	0	0	0	0	0	0	0	0	0	0	0	0	0	0	0	0	0	0	0	0	0	0	0	0	0	0	-1	0	0	0	1	1	1	0	1	0	0	100	0	0	0	0	0	0	0	0	0
	102	Ohka-Overseer	47	2274 	3385 	4345 	0 	0 	0	0	0	0	1275 	298 	0	0	0	0	0	0	0	0	0	0	0	0	0	0	0	0	150	0	0	0	0	0	0	0	0	0	0	0	0	0	0	0	0	0	0	0	10	0	0	0	0	0	0	0	0	-1	1	0	0	0	0	0	0	1	0	0	110	0	0	0	0	0	0	0	0	0
;	p_monai(p13)																																																																															
;	#바우트 몬스터 스크립트(부분)																																																																															
;	2005/09/26*																																																																															
;	필드별 설명을 보고 싶으면 bt_몬스터AI.doc 문서를 보시오.																																																																															
;	"P13 ""울트라블랙(비밀통로)"" 몬스터/보스 : 레벨 40"																																																																															
;	기본정보			기본난이도	L	1 	D	15							Base전 전용						AI 구성 요소(소수 안됨)																																					몬스터속성																						
;	INDEX	이름	그림 index	Life	D1	D2	총알데미지	변신취급	회복%	회복타입	점령형	파워업	대변공	대변방	Life가중	D1가중	D2가중	총뎀가중	본진취급	성향	점프추적	AI	총알idx	감지시야	추격시야	걷기시야	추격y	추격-y	총쏨min	총쏨max	지상공격	걷점공격	달점공격	헬프시야	점공%	총쏨%	막기%	총막기%	막기시야	소심%	헬프요%	분노%	패턴1	패턴2	패턴3	패턴4	패턴5	특수결정	카운터	공격속성	도망확률	위기탈출	승룡권	난무필살	(예비)	(예비)	(예비)	클리핑	충돌	부활	파괴불가	무적시간	다운타입	방향전환	그림자	이름표	지형충돌	움직임	총쏨위선	렌더옵션	크기%	건물형	앞무적	앞오무적	오른무적	뒤오무적	뒤무적	뒤왼무적	왼무적	앞왼무적
	103	CraneHigh	28	1 	226 	292 	0 	1 	0	0	0	0	1500 	0	0	0	0	0	0	0	0	0	0	800	900	800	0	0	0	0	0	0	0	0	0	0	0	0	0	0	0	0	101003	0	0	0	0	0	0	4	0	0	0	0	0	0	0	3	0	-1	1	0	0	1	1	1	1	1	0	0	100	0	0	0	0	0	0	0	0	0
	104	Boza	59	284 	52 	82 	0 	0 	0	0	0	0	1400 	200 	0	0	0	0	0	0	1	0	0	700	650	500	0	0	0	0	120	250	200	2800	0	0	5	5	296	0	0	0	0	0	0	0	0	0	0	0	0	0	0	0	0	0	0	0	0	-1	0	0	0	0	0	0	0	0	0	0	100	0	0	0	0	0	0	0	0	0
	105	Wazzu	60	284 	76 	72 	82 	0 	0	0	0	0	1200 	200 	0	0	0	0	0	0	1	0	5	900	2500	1200	0	0	0	1000	100	250	300	0	0	100	10	15	206	100	0	0	111003	0	0	0	0	0	0	0	0	0	0	0	0	0	0	1	0	-1	0	0	0	0	0	0	0	0	50	0	100	0	0	0	0	0	0	0	0	0
	106	Kakworm	44	281 	30 	113 	108 	0 	0	0	0	0	1200 	200 	0	0	0	0	0	0	0	0	5	1000	0	1000	0	0	0	1300	100	250	300	0	0	100	10	10	296	100	0	0	0	0	0	0	0	0	0	2	0	0	0	0	0	0	0	1	0	-1	0	0	0	0	0	0	0	1	50	0	110	0	0	0	0	0	0	0	0	0
	107	Bubbleboy	3	1164 	95 	129 	0 	0 	0	0	0	0	1400 	200 	0	0	0	0	0	0	0	0	0	400	700	400	0	0	0	0	120	250	300	700	20	0	15	25	296	30	0	0	0	0	0	0	0	0	0	0	20	0	0	0	0	0	0	0	0	-1	0	0	0	0	0	0	0	0	0	0	110	0	0	0	0	0	0	0	0	0
	108	Kowbat	24	3583 	89 	128 	0 	1 	0	0	0	0	1450 	200 	0	0	0	0	0	0	0	0	0	8000	9000	900	0	0	0	0	180	0	0	2800	0	0	0	0	0	0	0	100	200012	200018	200024	0	0	0	0	2	0	0	0	0	0	0	0	1	0	-1	0	500	0	0	0	0	0	0	0	0	100	0	0	0	0	0	0	0	0	0
	109	Enforcer	91	875 	200 	300 	132 	1 	0	0	0	0	1500 	100	0	0	0	0	0	0	1	0	6	1100	1050	1000	10	10	0	1200	1100	0	0	0	0	100	10	5	296	100	0	0	103009	0	0	0	0	0	0	0	0	0	0	0	0	0	0	0	0	-1	0	0	0	0	0	0	0	0	110	0	90	0	0	0	0	0	0	0	0	0
	110	Ganda	2	228 	38 	55 	0 	0 	0	0	0	0	1200 	200 	0	0	0	0	0	0	0	0	0	500	700	400	0	0	0	0	120	250	300	2800	20	0	10	25	296	30	0	0	0	0	0	0	0	0	0	0	20	0	0	0	0	0	0	0	0	-1	0	0	0	0	0	0	0	0	0	0	110	0	0	0	0	0	0	0	0	0
;	p_monai(p14)																																																																															
;	#바우트 몬스터 스크립트(부분)																																																																															
;	2005/09/26*																																																																															
;	필드별 설명을 보고 싶으면 bt_몬스터AI.doc 문서를 보시오.																																																																															
;	"P14 ""울트라블랙(엔진실)"" 몬스터/보스 : 레벨 45"																																																																															
;	기본정보			기본난이도	L	1 	D	15							Base전 전용						AI 구성 요소(소수 안됨)																																					몬스터속성																						
;	INDEX	이름	그림 index	Life	D1	D2	총알데미지	변신취급	회복%	회복타입	점령형	파워업	대변공	대변방	Life가중	D1가중	D2가중	총뎀가중	본진취급	성향	점프추적	AI	총알idx	감지시야	추격시야	걷기시야	추격y	추격-y	총쏨min	총쏨max	지상공격	걷점공격	달점공격	헬프시야	점공%	총쏨%	막기%	총막기%	막기시야	소심%	헬프요%	분노%	패턴1	패턴2	패턴3	패턴4	패턴5	특수결정	카운터	공격속성	도망확률	위기탈출	승룡권	난무필살	(예비)	(예비)	(예비)	클리핑	충돌	부활	파괴불가	무적시간	다운타입	방향전환	그림자	이름표	지형충돌	움직임	총쏨위선	렌더옵션	크기%	건물형	앞무적	앞오무적	오른무적	뒤오무적	뒤무적	뒤왼무적	왼무적	앞왼무적
	111	Gate-Normal	29	2128 	0 	0 	0 	1 	0	0	0	0	1000 	200 	0	0	0	0	0	0	0	0	0	0	0	0	0	0	0	0	0	0	0	0	0	0	0	0	0	0	100	0	0	0	0	0	0	0	0	0	0	0	0	0	0	0	0	2	1	115	0	0	3	1	1	1	1	1	0	0	100	1	0	0	0	0	0	0	0	0
	112	Creeper	30	782 	64 	122 	0 	1 	0	0	0	0	1500 	150 	0	0	0	0	0	0	0	0	0	800	1000	130	0	0	0	0	130	0	350	700	20	0	10	20	296	100	0	100	0	0	0	0	0	0	0	0	0	0	0	0	0	0	0	0	0	-1	0	0	0	0	0	0	0	0	0	0	125	0	0	0	0	0	0	0	0	0
	113	Macho-Z	23	2248 	110 	152 	0 	1 	0	0	0	0	1500 	200 	0	0	0	0	0	0	0	0	0	800	400	400	0	0	0	0	140	0	0	2800	0	0	15	15	296	0	100	100	100015	100020	200025	200030	0	0	0	1	20	20	0	0	0	0	0	0	0	-1	0	0	0	0	0	0	0	0	0	0	115	0	0	0	0	0	0	0	0	0
	114	Conficker	26	901 	119 	172 	0 	1 	0	0	0	0	2000 	350 	0	0	0	0	0	0	0	0	0	800	1000	400	0	0	0	0	150	250	300	700	20	0	8	20	296	100	0	100	0	0	0	0	0	0	0	0	0	0	0	0	0	0	0	0	0	-1	0	0	0	0	0	0	0	0	0	0	100	0	0	0	0	0	0	0	0	0
	115	Gate-Collapse-Stage-4	33	1 	100 	100 	0 	1 	0	0	0	0	1000 	0	0	0	0	0	0	0	0	0	0	0	0	0	0	0	0	0	0	0	0	0	0	0	0	0	0	0	100	0	0	0	0	0	0	0	0	0	0	0	0	0	0	0	0	2	1	-1	0	0	3	1	1	1	1	1	0	0	100	1	0	0	0	0	0	0	0	0
	116	Brain	35	6033 	0 	0 	0 	1 	0	0	0	0	1000 	200 	0	0	0	0	0	0	0	0	0	0	0	0	0	0	0	0	0	0	0	0	0	0	0	0	0	0	0	0	0	0	0	0	0	0	0	0	0	0	0	0	0	0	0	2	1	-1	0	0	3	1	1	1	0	1	0	0	100	1	0	0	0	0	1	1	1	0
	117	Donut-A	36	10000 	221 	327 	0 	0 	0	0	0	0	1000 	0	0	0	0	0	0	0	0	0	0	900	1000	100	0	0	0	0	0	0	0	0	0	0	0	0	0	0	0	0	101001	0	0	0	0	0	0	6	0	0	0	0	0	0	0	2	1	-1	1	0	3	1	1	1	1	1	0	0	100	0	0	0	0	0	0	0	0	0
	118	Donut-B	36	10000 	300 	300 	0 	0 	0	0	0	0	1000 	0	0	0	0	0	0	0	0	0	0	900	1000	100	0	0	0	0	0	0	0	0	0	0	0	0	0	0	0	0	101004	0	0	0	0	0	0	6	0	0	0	0	0	0	0	2	1	-1	1	0	3	1	1	1	1	1	0	0	100	0	0	0	0	0	0	0	0	0
	119	Spinnydo	38	256 	74 	109 	0 	0 	0	0	0	0	1000 	0	0	0	0	0	0	0	0	0	0	300	400	500	0	0	0	0	150	0	0	0	0	0	0	0	0	0	0	0	0	0	0	0	0	0	0	1	0	0	0	0	0	0	0	2	0	-1	0	0	0	1	0	1	1	1	0	0	100	0	0	0	0	0	0	0	0	0
	120	Laser-Beam	39	10000 	110 	164 	0 	0 	0	0	0	0	1000 	0	0	0	0	0	0	0	0	0	0	0	0	0	0	0	0	0	0	0	0	0	0	0	0	0	0	0	0	0	0	0	0	0	0	0	0	5	0	0	0	0	0	0	0	2	1	-1	1	0	0	1	1	1	1	1	0	0	100	0	0	0	0	0	0	0	0	0
	121	Blackmal	37	318 	57 	85 	0 	0 	0	0	0	0	1300 	200 	0	0	0	0	0	0	0	0	0	250	10000	1000	0	0	0	0	120	250	300	10000	0	0	0	0	0	0	0	0	0	0	0	0	0	0	100	0	0	0	0	0	0	0	0	0	0	-1	0	0	0	0	0	0	0	0	0	0	90	0	0	0	0	0	0	0	0	0
	122	Grade-A	40	476 	110 	164 	0 	1 	0	0	0	0	1300 	200 	0	0	0	0	0	0	0	0	0	500	10000	200	0	0	0	0	120	250	300	10000	0	0	0	0	0	0	0	0	0	201005	0	0	0	0	100	0	20	0	0	0	0	0	0	0	0	-1	0	0	0	0	0	0	0	0	0	0	100	0	0	0	0	0	0	0	0	0
	123	Chernobyl	34	3493 	129 	164 	0 	1 	0	0	0	0	1500 	200 	0	0	0	0	0	0	0	0	0	8000	9000	1000	0	0	0	0	150	0	0	10000	0	0	10	10	296	0	0	100	6200045	0	0	0	0	0	0	1	20	0	0	0	0	0	0	1	0	-1	0	500	0	0	0	0	0	0	0	0	95	0	0	0	0	0	0	0	0	0
	125	Elkern	42	64 	0 	0 	0 	0 	0	0	0	0	1000 	0	0	0	0	0	0	0	0	0	0	10000	12000	10000	0	0	0	0	0	0	0	0	0	0	30	30	296	0	0	0	0	0	0	0	0	0	100	0	20	0	0	0	0	0	0	0	0	-1	0	0	0	0	0	1	0	0	0	0	100	0	0	0	0	0	0	0	0	0
	126	Elkern	43	364 	0 	0 	0 	1 	0	0	0	0	1000 	0	0	0	0	0	0	0	0	0	0	10000	12000	10000	0	0	0	0	0	0	0	0	0	0	0	0	0	0	0	0	0	0	0	0	0	0	0	0	20	0	0	0	0	0	0	0	0	-1	0	0	0	0	0	1	0	0	0	0	100	0	0	0	0	0	0	0	0	0
	124	Boot-Killer	41	10000	100	100	0	0	0	0	0	0	1000	0	0	0	0	0	0	0	0	0	0	500	1000	400	0	0	0	0	120	250	300	0	0	0	0	0	0	100	0	0	0	0	0	0	0	0	0	0	0	0	0	0	0	0	0	0	0	-1	0	0	0	0	0	0	0	0	0	0	100	0	0	0	0	0	0	0	0	0
;	p_monai(p15)																																																																															
;	#바우트 몬스터 스크립트(부분)																																																																															
;	2005/09/26*																																																																															
;	필드별 설명을 보고 싶으면 bt_몬스터AI.doc 문서를 보시오.																																																																															
;	"P15 ""엔진실대탈출"" 몬스터/보스 : 레벨 50"																																																																															
;	기본정보			기본난이도	l	1 	d	15							Base전 전용						AI 구성 요소(소수 안됨)																																					몬스터속성																						
;	INDEX	이름	그림 index	Life	D1	D2	총알데미지	변신취급	회복%	회복타입	점령형	파워업	대변공	대변방	Life가중	D1가중	D2가중	총뎀가중	본진취급	성향	점프추적	AI	총알idx	감지시야	추격시야	걷기시야	추격y	추격-y	총쏨min	총쏨max	지상공격	걷점공격	달점공격	헬프시야	점공%	총쏨%	막기%	총막기%	막기시야	소심%	헬프요%	분노%	패턴1	패턴2	패턴3	패턴4	패턴5	특수결정	카운터	공격속성	도망확률	위기탈출	승룡권	난무필살	(예비)	(예비)	(예비)	클리핑	충돌	부활	파괴불가	무적시간	다운타입	방향전환	그림자	이름표	지형충돌	움직임	총쏨위선	렌더옵션	크기%	건물형	앞무적	앞오무적	오른무적	뒤오무적	뒤무적	뒤왼무적	왼무적	앞왼무적
	127	Gate-Normal	29	2455 	0 	0 	0 	1 	0	0	0	0	1000 	200 	0	0	0	0	0	0	0	0	0	0	0	0	0	0	0	0	0	0	0	0	0	0	0	0	0	0	100	0	0	0	0	0	0	0	0	0	0	0	0	0	0	0	0	2	0	131	0	0	3	1	1	1	1	1	0	0	100	1	0	0	0	0	0	0	0	0
	128	Trojan-R	56	366 	89 	119 	0 	0 	0	0	0	0	1600 	200 	0	0	0	0	0	0	0	0	0	800	1000	400	0	0	0	0	150	250	300	700	20	0	5	10	296	30	0	100	0	0	0	0	300014	0	0	0	10	0	50	100	0	0	0	0	0	-1	0	0	0	0	0	0	0	0	0	0	100	0	0	0	0	0	0	0	0	0
	129	Enforcer	91	963 	200 	300 	152 	1 	0	0	0	0	1500 	100	0	0	0	0	0	0	1	0	6	1100	1050	1000	10	10	0	1200	1100	0	0	0	0	100	10	5	296	100	0	0	103009	0	0	0	0	0	0	0	0	0	0	0	0	0	0	0	0	-1	0	0	0	0	0	0	0	0	110	0	90	0	0	0	0	0	0	0	0	0
	130	Creeper	30	860 	74 	140 	0 	1 	0	0	0	0	1500 	150 	0	0	0	0	0	0	0	0	0	800	1000	130	0	0	0	0	130	0	350	700	20	0	10	20	296	100	0	100	0	0	0	0	0	0	0	0	0	0	0	0	0	0	0	0	0	-1	0	0	0	0	0	0	0	0	0	0	125	0	0	0	0	0	0	0	0	0
	131	Gate-Collapse-Stage-4	33	1 	0 	0 	0 	1 	0	0	0	0	1000 	0	0	0	0	0	0	0	0	0	0	0	0	0	0	0	0	0	0	0	0	0	0	0	0	0	0	0	100	0	0	0	0	0	0	0	0	0	0	0	0	0	0	0	0	2	0	-1	0	0	3	1	1	1	1	1	0	0	100	1	0	0	0	0	0	0	0	0
	132	Door	49	5000 	1 	1 	0 	1 	0	0	0	0	1000 	200 	0	0	0	0	0	0	0	0	0	0	0	0	0	0	0	0	0	0	0	0	0	0	0	0	0	0	0	0	0	0	0	0	0	0	0	0	0	0	0	0	0	0	0	2	1	-1	0	0	3	1	1	0	0	1	0	0	100	1	0	0	0	0	0	0	0	0
	133	Blackmal	37	350 	66 	98 	0 	0 	0	0	0	0	1500 	200 	0	0	0	0	0	0	0	0	0	250	5000	1000	0	0	0	0	120	250	300	10000	0	0	0	0	0	0	0	0	0	0	0	0	0	0	100	0	0	0	0	0	0	0	0	0	0	-1	0	0	0	0	0	0	0	0	0	0	100	0	0	0	0	0	0	0	0	0
	134	Grade-A	40	524 	127 	189 	0 	1 	0	0	0	0	1500 	200 	0	0	0	0	0	0	0	0	0	500	10000	200	0	0	0	0	120	250	300	10000	0	0	0	0	0	0	0	0	0	200005	0	0	0	0	100	0	20	0	0	0	0	0	0	0	0	-1	0	0	0	0	0	0	0	0	0	0	100	0	0	0	0	0	0	0	0	0
	135	Elkern	42	68 	0 	0 	0 	0 	0	0	0	0	1000 	0	0	0	0	0	0	0	0	0	0	10000	12000	10000	0	0	0	0	0	0	0	0	0	0	0	0	0	0	0	0	0	0	0	0	0	0	0	0	20	0	0	0	0	0	0	0	0	-1	0	0	0	0	0	1	0	0	0	0	100	0	0	0	0	0	0	0	0	0
	136	Donut-A	36	10000 	280 	376 	0 	0 	0	0	0	0	1400 	0	0	0	0	0	0	0	0	0	0	900	1000	100	0	0	0	0	0	0	0	0	0	0	0	0	0	0	0	0	101001	0	0	0	0	0	0	6	0	0	0	0	0	0	0	2	1	-1	1	0	3	1	1	1	1	1	0	0	100	0	0	0	0	0	0	0	0	0
	137	Slapper	0	244 	41 	53 	0 	0 	0	0	0	0	1400 	200 	0	0	0	0	0	0	0	0	0	400	700	400	0	0	0	0	120	250	300	700	20	0	10	15	296	30	0	0	0	0	0	0	0	0	0	0	30	0	0	0	0	0	0	0	0	-1	0	0	0	0	0	0	0	0	0	0	110	0	0	0	0	0	0	0	0	0
	138	Spinnydo	38	282 	85 	125 	0 	0 	0	0	0	0	1300 	0	0	0	0	0	0	0	0	0	0	300	400	500	0	0	0	0	500	0	0	0	0	0	0	0	0	0	0	0	0	0	0	0	0	0	0	1	0	0	0	0	0	0	0	2	0	-1	0	0	0	1	0	1	1	1	0	0	100	0	0	0	0	0	0	0	0	0
	139	Laser-Beam	39	10000 	138 	189 	0 	0 	0	0	0	0	1300 	0	0	0	0	0	0	0	0	0	0	0	0	0	0	0	0	0	0	0	0	0	0	0	0	0	0	0	0	0	0	0	0	0	0	0	0	5	0	0	0	0	0	0	0	2	1	-1	1	0	0	1	1	1	1	1	0	0	100	0	0	0	0	0	0	0	0	0
	140	Chernobyl	34	3740 	108 	144 	0 	1 	0	0	0	0	1500 	200 	0	0	0	0	0	0	0	0	0	500	600	7000	0	0	0	0	150	0	0	10000	0	0	10	10	296	0	0	100	5100018	6200045	0	4300027	0	0	0	1	20	0	0	0	0	0	0	1	0	-1	0	500	0	0	0	0	0	0	0	0	100	0	0	0	0	0	0	0	0	0
	141	Burn!-Burn!	45	10000 	296 	296 	0 	0 	0	0	0	0	1500 	0	0	0	0	0	0	0	0	0	0	0	0	0	0	0	0	0	0	0	0	0	0	0	0	0	0	0	0	0	0	0	0	0	0	0	0	0	0	0	0	0	0	0	0	1	1	-1	1	0	0	1	1	1	0	1	0	0	100	0	0	0	0	0	0	0	0	0
	142	Gost-Chernobyl	34	1247 	108 	144 	0 	1 	0	0	0	0	1500 	200 	0	0	0	0	0	0	0	0	0	20000	20000	20000	0	0	0	0	150	0	0	10000	0	0	15	0	0	0	0	100	0	6200045	0	0	0	0	0	1	0	0	0	0	0	0	0	1	0	-1	0	500	0	0	0	0	0	0	0	1	100	0	0	0	0	0	0	0	0	0
	143	SergeantSector	90	1310 	72 	118 	0 	1 	0 	0	0	0	1350 	300 	0	0	0	0	0	0	1	0	0	500	700	400	0	0	0	0	110	250	300	0	8	0	20	30	296	0	0	50	300010	0	0	0	0	0	0	0	0	5	0	0	0	0	0	0	0	-1	0	0	0	0	0	0	0	0	0	0	110	0	0	0	0	0	0	0	0	0
;	p_monai(p16)																																																																															
;	#바우트 몬스터 스크립트(부분)																																																																															
;	2005/09/28*																																																																															
;	필드별 설명을 보고 싶으면 bt_몬스터AI.doc 문서를 보시오.																																																																															
;	"P16 ""보물창고"" 몬스터/보스 : 레벨 60"																																																																															
;	기본정보			기본난이도	l	1 	d	15							Base전 전용						AI 구성 요소(소수 안됨)																																					몬스터속성																						
;	INDEX	이름	그림 index	Life	D1	D2	총알데미지	변신취급	회복%	회복타입	점령형	파워업	대변공	대변방	Life가중	D1가중	D2가중	총뎀가중	본진취급	성향	점프추적	AI	총알idx	감지시야	추격시야	걷기시야	추격y	추격-y	총쏨min	총쏨max	지상공격	걷점공격	달점공격	헬프시야	점공%	총쏨%	막기%	총막기%	막기시야	소심%	헬프요%	분노%	패턴1	패턴2	패턴3	패턴4	패턴5	특수결정	카운터	공격속성	도망확률	위기탈출	승룡권	난무필살	(예비)	(예비)	(예비)	클리핑	충돌	부활	파괴불가	무적시간	다운타입	방향전환	그림자	이름표	지형충돌	움직임	총쏨위선	렌더옵션	크기%	건물형	앞무적	앞오무적	오른무적	뒤오무적	뒤무적	뒤왼무적	왼무적	앞왼무적
	144	Neutron-Bomb	48	196 	23000 	23000 	0 	0 	0	0	0	0	1000 	0	0	0	0	0	0	0	0	0	0	20000	15000	10000	0	0	0	0	0	0	0	1000	0	0	0	0	0	0	100	0	16101060	0	0	0	0	0	0	0	0	0	0	0	0	0	0	2	0	-1	0	0	3	1	1	0	0	1	0	0	110	1	0	0	0	0	0	0	0	0
	145	Neutron-Bomb-2	48	388 	23000 	23000 	0 	0 	0	0	0	0	1000 	0	0	0	0	0	0	0	0	0	0	20000	15000	10000	0	0	0	0	0	0	0	1000	0	0	0	0	0	0	100	0	16101060	0	0	0	0	0	0	0	0	0	0	0	0	0	0	2	0	-1	0	0	3	1	1	0	0	1	0	0	110	1	0	0	0	0	0	0	0	0
	146	Dropped-Item	21	1 	1 	1 	0 	0 	0	0	0	0	1000 	0	0	0	0	0	0	0	0	0	0	0	0	0	0	0	0	0	0	0	0	0	0	0	0	0	0	0	0	0	0	0	0	0	0	0	0	0	0	0	0	0	0	0	0	0	0	-1	0	0	0	1	1	1	0	1	0	0	100	1	0	0	0	0	0	0	0	0
	147	Macho-Z	23	2044 	96 	132 	0 	1 	0	0	0	0	1500 	200 	0	0	0	0	0	0	0	0	0	800	400	400	0	0	0	0	140	0	0	2800	0	0	15	15	296	0	100	100	100015	100020	200025	200030	0	0	0	1	20	20	0	0	0	0	0	0	0	-1	0	0	0	0	0	0	0	0	0	0	115	0	0	0	0	0	0	0	0	0
	148	Boza	59	312 	60 	94 	0 	0 	0	0	0	0	1300 	200 	0	0	0	0	0	0	1	0	0	400	350	300	0	0	0	0	120	250	200	2800	0	0	10	10	296	0	0	0	0	0	0	0	0	0	0	0	0	0	0	0	0	0	0	0	0	-1	0	0	0	0	0	0	0	0	0	0	100	0	0	0	0	0	0	0	0	0
	149	Kakworm	44	309 	36 	50 	124 	0 	0	0	0	0	1300 	200 	0	0	0	0	0	0	0	0	5	1500	0	1000	0	0	0	1300	100	250	300	0	0	100	10	10	296	100	0	0	0	0	0	0	0	0	0	2	0	0	0	0	0	0	0	1	0	-1	0	0	0	0	0	0	0	1	50	0	115	0	0	0	0	0	0	0	0	0
	150	Enforcer	91	1059 	200 	300 	175 	1 	0	0	0	0	1500 	100	0	0	0	0	0	0	1	0	6	1100	1050	1000	10	10	0	1200	1100	0	0	0	0	100	10	5	296	100	0	0	103009	0	0	0	0	0	0	0	0	0	0	0	0	0	0	0	0	-1	0	0	0	0	0	0	0	0	110	0	90	0	0	0	0	0	0	0	0	0
	151	Wazzu	60	312 	36 	50 	94 	0 	0	0	0	0	1300 	200 	0	0	0	0	0	0	1	0	5	900	2500	1200	0	0	0	1000	100	250	300	0	0	100	10	10	296	100	0	0	111003	0	0	0	0	0	0	0	0	0	0	0	0	0	0	1	0	-1	0	0	0	0	0	0	0	0	50	0	100	0	0	0	0	0	0	0	0	0
	152	Bubbleboy	3	1280 	109 	148 	0 	0 	0	0	0	0	1500 	200 	0	0	0	0	0	0	0	0	0	400	700	400	0	0	0	0	120	250	300	700	20	0	15	15	296	30	0	0	0	0	0	0	0	0	0	0	20	0	0	0	0	0	0	0	0	-1	0	0	0	0	0	0	0	0	0	0	110	0	0	0	0	0	0	0	0	0
	153	Blackmal	37	385 	76 	113 	0 	0 	0	0	0	0	1300 	200 	0	0	0	0	0	0	0	0	0	3000	3000	1000	0	0	0	0	120	250	300	10000	0	0	0	0	0	0	0	0	0	0	0	0	0	0	100	0	0	0	0	0	0	0	0	0	0	-1	0	0	0	0	0	0	0	0	0	0	90	0	0	0	0	0	0	0	0	0
	154	Kowbat	24	3941 	102 	147 	0 	1 	0	0	0	0	1450 	200 	0	0	0	0	0	0	0	0	0	8000	9000	900	0	0	0	0	180	0	0	2800	0	0	0	0	0	0	0	100	200012	200018	200024	0	0	0	0	2	0	0	0	0	0	0	0	1	0	-1	0	500	0	0	0	0	0	0	0	0	100	0	0	0	0	0	0	0	0	0
	155	Grade-A	40	576 	133 	198 	0 	1 	0	0	0	0	1300 	300 	0	0	0	0	0	0	0	0	0	3000	500	200	0	0	0	0	120	250	300	10000	0	0	0	0	0	0	0	0	0	200005	0	0	0	0	100	0	0	0	0	0	0	0	0	0	0	-1	0	0	0	0	0	0	0	0	0	0	100	0	0	0	0	0	0	0	0	0
	156	Elkern	42	77 	0 	0 	0 	0 	0	0	0	0	1000 	0 	0	0	0	0	0	0	0	0	0	3000	1000	10000	0	0	0	0	0	0	0	0	0	0	0	0	0	0	0	0	0	0	0	0	0	0	0	0	30	0	0	0	0	0	0	0	0	-1	0	0	0	0	0	1	0	0	0	0	100	0	0	0	0	0	0	0	0	0
	157	Chernobyl	34	4114 	124 	166 	48 	1 	0	0	0	0	1500 	200 	0	0	0	0	0	0	0	0	0	10000	10000	10000	0	0	0	0	150	0	0	10000	0	0	15	25	296	0	100	100	5110014	0	0	4300027	0	0	0	1	20	10	0	0	0	0	0	1	0	-1	0	1000	0	0	0	0	0	0	0	0	100	0	0	0	0	0	0	0	0	0
	158	Dropped-Item2	21	1 	1 	1 	0 	0 	0	0	0	0	1000 	0	0	0	0	0	0	0	0	0	0	0	0	0	0	0	0	0	0	0	0	0	0	0	0	0	0	0	0	0	0	0	0	0	0	0	0	0	0	0	0	0	0	0	0	0	0	-1	0	0	0	1	1	1	0	1	0	0	100	0	0	0	0	0	0	0	0	0
;	p_monai(elite01)																																																																															
;	#바우트 몬스터 스크립트(부분)																																																																															
;	2005/09/26*																																																																															
;	필드별 설명을 보고 싶으면 bt_몬스터AI.doc 문서를 보시오.																																																																															
;	"정예01 ""보스의역습"" 몬스터/보스  : 레벨 08"																																																																															
;	기본정보			기본난이도	L	2 	D	2.7							Base전 전용						AI 구성 요소(소수 안됨)																																					몬스터속성																						
;	INDEX	이름	그림 index	Life	D1	D2	총알데미지	변신취급	회복%	회복타입	점령형	파워업	대변공	대변방	Life가중	D1가중	D2가중	총뎀가중	본진취급	성향	점프추적	AI	총알idx	감지시야	추격시야	걷기시야	추격y	추격-y	총쏨min	총쏨max	지상공격	걷점공격	달점공격	헬프시야	점공%	총쏨%	막기%	총막기%	막기시야	소심%	헬프요%	분노%	패턴1	패턴2	패턴3	패턴4	패턴5	특수결정	카운터%	공격속성	도망확률	위기탈출	승룡권	난무필살	(예비)	(예비)	(예비)	클리핑	충돌	부활	파괴불가	무적시간	다운타입	방향전환	그림자	이름표	지형충돌	움직임	총쏨위선	렌더옵션	크기%	건물형	앞무적	앞오무적	오른무적	뒤오무적	뒤무적	뒤왼무적	왼무적	앞왼무적
	159	Shoveler	4	170 	50 	81 	0 	0 	0	0	0	0	1000	200	0	0	0	0	0	0	0	0	0	400	900	400	0	0	0	0	150	250	300	895	20	0	15	10	296	0	0	0	0	0	0	0	0	0	0	0	0	0	0	0	0	0	0	0	0	-1	0	0	0	0	0	0	0	0	0	1	115	0	0	0	0	0	0	0	0	0
	160	Gamma	5	175 	42 	61 	0	0	0	0	0	0	1000	100	0	0	0	0	0	0	0	0	0	700	600	400	0	0	0	0	100	250	300	800	0	0	10	0	296	0	0	0	0	0	0	0	0	0	0	0	0	0	0	0	0	0	0	0	0	-1	0	0	0	0	0	0	0	0	0	1	105	0	0	0	0	0	0	0	0	0
	161	Constructor	13	560 	62 	82 	0 	1 	0	0	0	0	1000 	200 	0	0	0	0	0	0	1	0	0	500	400	400	0	0	0	0	120	250	300	700	0	0	30	30	240	0	0	0	200010	200014	0	0	0	0	0	0	0	0	0	0	0	0	0	0	0	-1	0	0	0	0	0	0	0	0	0	1	125	0	0	0	0	0	0	0	0	0
	162	Sircam	7	425 	55 	89 	0 	1 	0	0	0	0	1000	200	0	0	0	0	0	0	0	0	0	500	900	400	0	0	0	0	150	250	300	895	5	0	15	10	296	0	0	100	0	0	0	0	0	0	0	0	0	0	0	1	0	0	0	0	0	-1	0	150	0	0	0	0	0	0	0	1	115	0	0	0	0	0	0	0	0	0
	163	Blaster	8	2350 	81 	105 	0 	1 	0	0	0	0	2000	200	0	0	0	0	0	0	0	0	0	650	1000	400	0	0	0	0	200	250	300	995	35	0	20	15	296	0	0	100	3300020	0	0	0	0	1	25	1	0	0	0	0	0	0	0	0	0	-1	0	300	0	0	0	0	0	0	0	1	125	0	0	0	0	0	0	0	0	0
;	p_monai(elite02)																																																																															
;	#바우트 몬스터 스크립트(부분)																																																																															
;	10/13/2005																																																																															
;	필드별 설명을 보고 싶으면 bt_몬스터AI.doc 문서를 보시오.																																																																															
;	"정예02 ""죽음의용암지대"" 몬스터/보스  : 레벨 18"																																																																															
;	기본정보			기본난이도	L	2 	D	2.7							Base전 전용						AI 구성 요소(소수 안됨)																																					몬스터속성																						
;	INDEX	이름	그림 index	Life	D1	D2	총알데미지	변신취급	회복%	회복타입	점령형	파워업	대변공	대변방	Life가중	D1가중	D2가중	총뎀가중	본진취급	성향	점프추적	AI	총알idx	감지시야	추격시야	걷기시야	추격y	추격-y	총쏨min	총쏨max	지상공격	걷점공격	달점공격	헬프시야	점공%	총쏨%	막기%	총막기%	막기시야	소심%	헬프요%	분노%	패턴1	패턴2	패턴3	패턴4	패턴5	특수결정	카운터%	공격속성	도망확률	위기탈출	승룡권	난무필살	(예비)	(예비)	(예비)	클리핑	충돌	부활	파괴불가	무적시간	다운타입	방향전환	그림자	이름표	지형충돌	움직임	총쏨위선	렌더옵션	크기%	건물형	앞무적	앞오무적	오른무적	뒤오무적	뒤무적	뒤왼무적	왼무적	앞왼무적
	164	Slapper	0	212 	41 	66 	0 	0 	0	0	0	0	1000	200	0	0	0	0	0	0	0	0	0	400	900	400	0	0	0	0	150	250	300	895	20	0	20	10	296	30	0	0	0	0	0	0	0	0	0	0	0	0	0	0	0	0	0	0	0	-1	0	0	0	0	0	0	0	0	0	1	110	0	0	0	0	0	0	0	0	0
	165	Ganda	2	276 	45 	73 	0 	0 	0	0	0	0	1000	200	0	0	0	0	0	0	0	0	0	400	900	400	0	0	0	0	150	250	300	895	20	0	20	10	296	30	0	0	0	0	0	0	0	0	0	0	0	0	0	0	0	0	0	0	0	-1	0	0	0	0	0	0	0	0	0	1	110	0	0	0	0	0	0	0	0	0
	166	Shoveler	4	331 	54 	80 	0 	0 	0	0	0	0	1000	200	0	0	0	0	0	0	0	0	0	400	900	400	0	0	0	0	150	250	300	895	0	0	20	10	296	0	0	0	0	0	0	0	0	0	0	0	0	0	0	0	0	0	0	0	0	-1	0	0	0	0	0	0	0	0	0	1	125	0	0	0	0	0	0	0	0	0
	167	Gamma	5	285 	52 	72 	0	0	0	0	0	0	1000	100	0	0	0	0	0	0	0	0	0	700	600	400	0	0	0	0	100	250	300	800	0	0	10	0	296	0	0	0	0	0	0	0	0	0	0	0	0	0	0	0	0	0	0	0	0	-1	0	0	0	0	0	0	0	0	0	1	105	0	0	0	0	0	0	0	0	0
	168	Cruncher	1	874 	65 	96 	0 	1 	0	0	0	0	1000	200	0	0	0	0	0	0	0	0	0	400	900	0	0	0	0	0	150	250	300	895	25	0	20	12	296	0	0	100	0	0	0	0	0	0	0	0	0	0	0	0	0	0	0	0	0	-1	0	150	0	0	0	0	0	0	0	1	125	0	0	0	0	0	0	0	0	0
	169	Conficker	26	916 	60 	98 	0 	1 	0	0	0	0	2000 	350 	0	0	0	0	0	0	0	0	0	800	1000	400	0	0	0	0	150	250	300	700	20	0	8	20	296	100	0	100	0	0	0	0	0	0	0	0	0	0	0	0	0	0	0	0	0	-1	0	0	0	0	0	0	0	0	0	1	100	0	0	0	0	0	0	0	0	0
	170	Bugbear	10	3022 	70 	99 	0 	1 	0	0	0	0	1700	200	0	0	0	0	0	0	0	0	0	650	900	0	0	0	0	0	150	250	300	895	30	0	25	15	296	0	0	100	0	3300013	0	0	0	0	95	1	0	0	0	0	0	0	0	0	0	-1	0	300	0	0	0	0	0	0	0	1	125	0	0	0	0	0	0	0	0	0
;	p_monai(elite03)																																																																															
;	#바우트 몬스터 스크립트(부분)																																																																															
;	2005/09/26*																																																																															
;	필드별 설명을 보고 싶으면 bt_몬스터AI.doc 문서를 보시오.																																																																															
;	"정예03 ""불멸의해적왕"" 몬스터/보스  : 레벨 28"																																																																															
;	기본정보			기본난이도	L	2 	D	2.7							Base전 전용						AI 구성 요소(소수 안됨)																																					몬스터속성																						
;	INDEX	이름	그림 index	Life	D1	D2	총알데미지	변신취급	회복%	점령형	파워업	회복타입	대변공	대변방	Life가중	D1가중	D2가중	총뎀가중	본진취급	성향	점프추적	AI	총알idx	감지시야	추격시야	걷기시야	추격y	추격-y	총쏨min	총쏨max	지상공격	걷점공격	달점공격	헬프시야	점공%	총쏨%	막기%	총막기	막기시야	소심%	헬프요%	분노%	패턴1	패턴2	패턴3	패턴4	패턴5	특수결정	카운터	공격속성	도망확률	위기탈출	승룡권	난무필살	(예비)	(예비)	(예비)	클리핑	충돌	부활	파괴불가	무적시간	다운타입	방향전환	그림자	이름표	지형충돌	움직임	총쏨위선	렌더옵션	크기%	건물형	앞무적	앞오무적	오른무적	뒤오무적	뒤무적	뒤왼무적	왼무적	앞왼무적
	171	Nimba	61	236 	62 	83 	0 	0 	0	0	0	0	1000	200	0	0	0	0	0	0	0	0	0	400	900	400	0	0	0	0	150	250	300	895	10	0	20	12	296	0	0	0	0	0	0	0	0	0	0	0	0	0	0	0	0	0	0	0	0	-1	0	0	0	0	0	0	0	0	0	1	120	0	0	0	0	0	0	0	0	0
	172	Etap	25	566 	74 	102 	0 	1 	0	0	0	0	1500 	150 	0	0	0	0	0	0	0	0	0	800	1000	130	0	0	0	0	130	0	350	700	20	0	10	20	296	100	0	100	0	0	0	0	0	0	0	0	0	0	0	0	0	0	0	0	0	-1	0	0	0	0	0	0	0	0	0	1	100	0	0	0	0	0	0	0	0	0
	173	Scalper	12	589 	75 	99 	0 	1 	0	0	0	0	1000	200	0	0	0	0	0	0	0	0	0	400	900	400	0	0	0	0	150	250	300	895	20	0	30	15	296	30	0	100	0	0	0	0	0	0	0	1	0	0	0	0	0	0	0	0	0	-1	0	150	0	0	0	0	0	0	0	1	100	0	0	0	0	0	0	0	0	0
	174	EliteScalper	12	907 	99 	124 	0 	1 	0	0	0	0	1200	200	0	0	0	0	0	0	0	0	0	400	900	400	0	0	0	0	150	250	300	895	20	0	25	15	296	30	0	100	0	0	0	0	0	0	0	1	0	0	0	0	0	0	0	0	0	-1	0	150	0	0	0	0	0	0	0	1	125	0	0	0	0	0	0	0	0	0
	175	Sasser	16	295 	65 	88 	0 	0 	0	0	0	0	1600 	100 	0	0	0	0	0	0	0	0	0	1200	1000	225	0	0	0	0	80	250	150	2800	10	0	25	0	0	0	0	0	100017	0	0	100026	0	0	0	0	2	0	0	0	0	0	0	0	0	-1	0	0	0	0	0	0	0	0	0	1	100	0	0	0	0	0	0	0	0	0
	176	Mandragore	11	936 	112 	141 	0 	1 	0	0	0	0	1300	200	0	0	0	0	0	0	0	0	0	400	900	400	0	0	0	0	150	250	300	895	0	0	25	15	296	30	0	100	6200010	6200020	0	0	0	0	0	1	0	0	0	0	0	0	0	1	0	-1	0	150	0	0	0	0	0	0	0	1	125	0	0	0	0	0	0	0	0	0
	177	Melissa	15	3191 	93 	149 	0 	1 	0	0	0	0	1500	200	0	0	0	0	0	0	0	0	0	650	1000	400	0	0	0	0	200	250	300	995	5	0	35	15	296	0	0	100	200015	0	0	0	0	0	0	1	0	0	0	0	0	0	0	1	0	-1	0	300	0	0	0	0	0	0	0	1	110	0	0	0	0	0	0	0	0	0
;	p_monai(elite04)																																																																															
;	#바우트 몬스터 스크립트(부분)																																																																															
;	2005/09/26*																																																																															
;	필드별 설명을 보고 싶으면 bt_몬스터AI.doc 문서를 보시오.																																																																															
;	"정예04 ""악행의항구"" 몬스터/보스  : 레벨 38"					인원간주	4																																																																									
;	기본정보			기본난이도	L	2 	D	6							Base전 전용						AI 구성 요소(소수 안됨)																																					몬스터속성																						
;	INDEX	이름	그림 index	Life	D1	D2	총알데미지	변신취급	회복%	회복타입	점령형	파워업	대변공	대변방	Life가중	D1가중	D2가중	총뎀가중	본진취급	성향	점프추적	AI	총알idx	감지시야	추격시야	걷기시야	추격y	추격-y	총쏨min	총쏨max	지상공격	걷점공격	달점공격	헬프시야	점공%	총쏨%	막기%	총막기%	막기시야	소심%	헬프요%	분노%	패턴1	패턴2	패턴3	패턴4	패턴5	특수결정	카운터	공격속성	도망확률	위기탈출	승룡권	난무필살	(예비)	(예비)	(예비)	클리핑	충돌	부활	파괴불가	무적시간	다운타입	방향전환	그림자	이름표	지형충돌	움직임	총쏨위선	렌더옵션	크기	건물형	앞무적	앞오무적	오른무적	뒤오무적	뒤무적	뒤왼무적	왼무적	앞왼무적
	178	Nimba	61	283 	74 	100 	0 	0 	0	0	0	0	1200 	200 	0	0	0	0	0	0	1	0	0	400	900	400	0	0	0	0	130	250	200	895	20	0	25	15	296	0	0	0	0	0	0	0	0	0	0	0	0	0	0	0	0	0	0	0	0	-1	0	0	0	0	0	0	0	0	0	1	120	0	0	0	0	0	0	0	0	0
	179	Morlock	6	1097 	99 	136 	0 	1 	0 	0 	0 	0 	1400 	200 	0	0	0	0	0	0	0	0	0	1200	800	400	0	0	0	0	120	250	300	2000	20	0	8	20	296	0	20	10	200012	0	0	0	0	0	0	0	10	0	0	0	0	0	0	0	0	-1	0	0	0	0	0	0	0	0	0	1	100	0	0	0	0	0	0	0	0	0
	180	Scalper	12	707 	90 	119 	0 	1 	0	0	0	0	1300 	200 	0	0	0	0	0	0	1	0	0	400	900	400	0	0	0	0	150	250	300	895	20	0	30	20	296	30	0	100	0	0	0	0	0	0	0	1	0	0	0	0	0	0	0	0	0	-1	0	0	0	0	0	0	0	0	0	1	110	0	0	0	0	0	0	0	0	0
	181	Mandragore	11	1030 	134 	169 	0 	1 	0	0	0	0	1500 	200 	0	0	0	0	0	0	0	0	0	400	900	400	0	0	0	0	150	250	300	895	0	0	25	20	296	30	0	100	200030	200020	0	0	0	0	0	6	0	0	0	0	0	0	0	1	0	-1	0	0	0	0	0	0	0	0	0	1	110	0	0	0	0	0	0	0	0	0
	182	Carlos	20	3320 	98 	117 	0 	1 	0	0	0	0	1500 	200 	0	0	0	0	0	0	1	0	0	650	1000	400	0	0	0	0	200	250	300	995	50	0	30	20	296	0	0	100	3200018	0	0	0	0	2	100	1	0	0	0	0	0	0	0	1	0	-1	0	500	0	0	0	0	0	0	0	1	115	0	0	0	0	0	0	0	0	0
	183	Conficker	26	916 	60 	98 	0 	1 	0	0	0	0	2000 	350 	0	0	0	0	0	0	0	0	0	800	1000	400	0	0	0	0	150	250	300	700	20	0	8	20	296	100	0	100	0	0	0	0	0	0	0	0	0	0	0	0	0	0	0	0	0	-1	0	0	0	0	0	0	0	0	0	1	100	0	0	0	0	0	0	0	0	0
	184	EliteScalper	12	468 	31 	36 	0 	1 	0	0	0	0	1500 	200 	0	0	0	0	0	0	1	0	0	400	900	400	0	0	0	0	150	250	300	895	20	0	30	20	296	30	0	100	0	0	0	0	0	0	0	1	0	0	0	0	0	0	0	0	0	-1	0	0	0	0	0	0	0	0	0	1	110	0	0	0	0	0	0	0	0	0
;	p_monai(elite05)																																																																															
;	#바우트 몬스터 스크립트(부분)																																																																															
;	2005/09/26*																																																																															
;	필드별 설명을 보고 싶으면 bt_몬스터AI.doc 문서를 보시오.																																																																															
;	"정예05 ""암흑에로의혈로"" 몬스터/보스  : 레벨 48"																																																																															
;	기본정보			기본난이도	L	2 	D	2.7							Base전 전용						AI 구성 요소(소수 안됨)																																					몬스터속성																						
;	INDEX	이름	그림 index	Life	D1	D2	총알데미지	변신취급	회복%	회복타입	점령형	파워업	대변공	대변방	Life가중	D1가중	D2가중	총뎀가중	본진취급	성향	점프추적	AI	총알idx	감지시야	추격시야	걷기시야	추격y	추격-y	총쏨min	총쏨max	지상공격	걷점공격	달점공격	헬프시야	점공%	총쏨%	막기%	총막기%	막기시야	소심%	헬프요%	분노%	패턴1	패턴2	패턴3	패턴4	패턴5	특수결정	카운터	공격속성	도망확률	위기탈출	승룡권	난무필살	(예비)	(예비)	(예비)	클리핑	충돌	부활	파괴불가	무적시간	다운타입	방향전환	그림자	이름표	지형충돌	움직임	총쏨위선	렌더옵션	크기%	건물형	앞무적	앞오무적	오른무적	뒤오무적	뒤무적	뒤왼무적	왼무적	앞왼무적
	185	Michelangelo	28	1 	308 	411 	0 	1 	0	0	0	0	1200 	0	0	0	0	0	0	0	0	0	0	800	900	800	0	0	0	0	0	0	0	0	0	0	40	20	296	0	0	0	101003	0	0	0	0	0	0	4	0	0	0	0	0	0	0	3	0	-1	1	0	0	1	1	1	1	1	0	0	100	0	0	0	0	0	0	0	0	0
	186	Boza	59	321 	83 	104 	0 	0 	0	0	0	0	1200 	200 	0	0	0	0	0	0	1	0	0	400	900	400	0	0	0	0	150	250	200	895	0	0	25	20	296	0	0	0	0	0	0	0	0	0	0	0	0	0	0	0	0	0	0	0	0	-1	0	0	0	0	0	0	0	0	0	1	100	0	0	0	0	0	0	0	0	0
	187	Wazzu	60	321 	103 	137 	116 	0 	0	0	0	0	1200 	200 	0	0	0	0	0	0	1	0	5	1100	900	400	0	0	0	1000	150	250	300	895	0	100	25	20	296	100	0	0	111003	0	0	0	0	0	0	0	0	0	0	0	0	0	0	1	0	-1	0	0	0	0	0	0	0	0	50	1	100	0	0	0	0	0	0	0	0	0
	188	Kakworm	44	225 	103 	137 	126 	0 	0	0	0	0	1200 	200 	0	0	0	0	0	0	0	0	5	400	900	400	0	0	0	1300	150	250	300	895	0	100	30	20	296	100	0	0	0	0	0	0	0	0	0	2	0	0	0	0	0	0	0	1	0	-1	0	0	0	0	0	0	0	1	50	1	110	0	0	0	0	0	0	0	0	0
	189	Bubbleboy	3	1265 	118 	148 	0 	0 	0	0	0	0	1500 	200 	0	0	0	0	0	0	0	0	0	400	700	400	0	0	0	0	120	250	300	700	20	0	30	30	296	30	0	100	0	0	0	0	0	0	0	0	0	0	0	0	0	0	0	0	0	-1	0	0	0	0	0	0	0	0	0	1	110	0	0	0	0	0	0	0	0	0
	190	Kowbat	24	3613 	136 	174 	0 	1 	0	0	0	0	1500 	200 	0	0	0	0	0	0	0	0	0	650	1000	400	0	0	0	0	200	0	0	995	0	0	30	30	296	0	0	100	200008	3200016	200024	0	0	0	0	2	0	0	0	0	0	0	0	1	0	-1	0	500	0	0	0	0	0	0	0	1	110	0	0	0	0	0	0	0	0	0
	191	Enforcer	91	1088 	200 	300 	158 	1 	0	0	0	0	1500 	100	0	0	0	0	0	0	1	0	6	1100	1050	1000	10	10	0	1200	1100	0	0	0	0	100	10	5	296	100	0	0	103009	0	0	0	0	0	0	0	0	0	0	0	0	0	0	0	0	-1	0	0	0	0	0	0	0	0	110	1	90	0	0	0	0	0	0	0	0	0
	192	Ganda	2	305 	72 	96 	0 	0 	0	0	0	0	1200 	200 	0	0	0	0	0	0	0	0	0	500	700	400	0	0	0	0	120	250	300	2800	20	0	15	15	296	30	0	0	0	0	0	0	0	0	0	0	0	0	0	0	0	0	0	0	0	-1	0	0	0	0	0	0	0	0	0	1	110	0	0	0	0	0	0	0	0	0
;	p_monai(elite06)																																																																															
;	#바우트 몬스터 스크립트(부분)																																																																															
;	2005/09/26*																																																																															
;	필드별 설명을 보고 싶으면 bt_몬스터AI.doc 문서를 보시오.																																																																															
;	"정예06 ""타락의말로"" 몬스터/보스  : 레벨 58"																																																																															
;	기본정보			기본난이도	L	2 	D	2.7							Base전 전용						AI 구성 요소(소수 안됨)																																					몬스터속성																						
;	INDEX	이름	그림 index	Life	D1	D2	총알데미지	변신취급	회복%	회복타입	점령형	파워업	대변공	대변방	Life가중	D1가중	D2가중	총뎀가중	본진취급	성향	점프추적	AI	총알idx	감지시야	추격시야	걷기시야	추격y	추격-y	총쏨min	총쏨max	지상공격	걷점공격	달점공격	헬프시야	점공%	총쏨%	막기%	총막기%	막기시야	소심%	헬프요%	분노%	패턴1	패턴2	패턴3	패턴4	패턴5	특수결정	카운터	공격속성	도망확률	위기탈출	승룡권	난무필살	(예비)	(예비)	(예비)	클리핑	충돌	부활	파괴불가	무적시간	다운타입	방향전환	그림자	이름표	지형충돌	움직임	총쏨위선	렌더옵션	크기%	건물형	앞무적	앞오무적	오른무적	뒤오무적	뒤무적	뒤왼무적	왼무적	앞왼무적
	193	Gate-Normal	29	3192 	0 	0 	0 	1 	0	0	0	0	1000	200	0	0	0	0	0	0	0	0	0	0	0	0	0	0	0	0	0	0	0	0	0	0	0	0	0	0	100	0	0	0	0	0	0	0	0	0	0	0	0	0	0	0	0	2	1	197	0	0	3	1	1	1	1	1	0	1	100	1	0	0	0	0	0	0	0	0
	194	Stuxnet	32	2049 	101 	239 	0 	1 	0	0	0	0	1700 	400 	0	0	0	0	0	0	0	0	0	400	700	300	0	0	0	0	100	250	300	700	20	0	5	15	296	30	0	0	0	0	0	0	0	0	0	0	5	0	0	0	0	0	0	0	0	-1	0	0	0	0	0	0	0	0	0	1	130	0	0	0	0	0	0	0	0	0
	195	Shamoon	14	394 	126 	161 	0 	0 	0	0	0	0	1600 	200 	0	0	0	0	0	0	0	0	0	800	1000	225	0	0	0	0	80	250	150	2800	0	0	5	10	296	0	0	0	0	0	0	200012	0	0	0	0	0	0	0	0	0	0	0	0	0	-1	0	0	0	0	0	0	0	0	0	1	110	0	0	0	0	0	0	0	0	0
	196	Trojan-R	56	403 	102 	137 	0 	0 	0	0	0	0	1600 	200 	0	0	0	0	0	0	0	0	0	800	1000	400	0	0	0	0	150	250	300	700	20	0	5	10	296	30	0	100	0	0	0	0	300014	0	0	0	10	0	50	100	0	0	0	0	0	-1	0	0	0	0	0	0	0	0	0	0	100	0	0	0	0	0	0	0	0	0
	197	Gate-Collapse-Stage-4	33	1 	0 	0 	0 	1 	0	0	0	0	1000	0	0	0	0	0	0	0	0	0	0	0	0	0	0	0	0	0	0	0	0	0	0	0	0	0	0	0	100	0	0	0	0	0	0	0	0	0	0	0	0	0	0	0	0	2	1	-1	0	0	3	1	1	1	1	1	0	1	100	1	0	0	0	0	0	0	0	0
	198	Brain	35	8089 	0 	0 	0 	1 	0	0	0	0	1000 	200 	0	0	0	0	0	0	0	0	0	0	0	0	0	0	0	0	0	0	0	0	0	0	0	0	0	0	0	0	0	0	0	0	0	0	0	0	0	0	0	0	0	0	0	2	1	-1	0	0	3	1	1	1	0	1	0	1	100	1	0	0	0	0	1	1	1	0
	199	Donut-A	36	10000 	377 	377 	0 	0 	0	0	0	0	1300 	200 	0	0	0	0	0	0	0	0	0	500	600	700	0	0	0	0	0	0	0	0	0	0	0	0	0	0	0	0	101001	0	0	0	0	0	0	6	0	0	0	0	0	0	0	2	1	-1	1	0	3	1	1	1	1	1	0	1	100	0	0	0	0	0	0	0	0	0
	200	Creeper	30	1041 	98 	185 	0 	1 	0	0	0	0	1500 	150 	0	0	0	0	0	0	1	0	0	800	1000	130	0	0	0	0	130	0	350	700	20	0	10	20	296	100	0	100	0	0	0	0	0	0	0	0	0	0	0	0	0	0	0	0	0	-1	0	0	0	0	0	0	0	0	0	0	125	0	0	0	0	0	0	0	0	0
	201	Spinnydo	38	423 	128 	188 	0 	0 	0	0	0	0	1500 	200 	0	0	0	0	0	0	0	0	0	300	400	500	0	0	0	0	150	0	0	0	0	0	0	0	0	0	0	0	0	0	0	0	0	0	0	1	0	0	0	0	0	0	0	2	0	-1	0	0	0	1	0	1	1	1	0	1	100	0	0	0	0	0	0	0	0	0
	202	Laser-Beam	39	10000 	207 	284 	0 	0 	0	0	0	0	1300 	200 	0	0	0	0	0	0	0	0	0	0	0	0	0	0	0	0	0	0	0	0	0	0	0	0	0	0	0	0	0	0	0	0	0	0	0	5	0	0	0	0	0	0	0	2	1	-1	1	0	0	1	1	1	1	1	0	1	100	0	0	0	0	0	0	0	0	0
	203	Blackmal	37	525 	99 	147 	0 	0 	0	0	0	0	1300 	200 	0	0	0	0	0	0	0	0	0	250	10000	1000	0	0	0	0	150	250	300	10000	0	0	30	15	296	0	0	0	0	0	0	0	0	0	0	0	0	0	0	0	0	0	0	0	0	-1	0	0	0	0	0	0	0	0	0	1	110	0	0	0	0	0	0	0	0	0
	204	Grade-A	40	786 	191 	283 	0 	1 	0	0	0	0	1300 	200 	0	0	0	0	0	0	0	0	0	500	10000	200	0	0	0	0	150	250	300	10000	0	0	30	15	296	0	0	0	0	201005	0	0	0	0	0	0	0	0	0	0	0	0	0	0	0	-1	0	0	0	0	0	0	0	0	0	1	125	0	0	0	0	0	0	0	0	0
	205	Chernobyl	34	4356 	156 	209 	0 	1 	0	0	0	0	1500 	200 	0	0	0	0	0	0	0	0	0	500	600	7000	0	0	0	0	200	0	0	10000	0	0	30	20	296	0	0	100	5100018	0	0	3300027	0	0	0	1	0	0	0	0	0	0	0	1	0	-1	0	500	0	0	0	0	0	0	0	1	120	0	0	0	0	0	0	0	0	0
	206	Elkern	42	64 	0 	0 	0 	1 	0	0	0	0	1000 	0	0	0	0	0	0	0	0	0	0	10000	12000	10000	0	0	0	0	0	0	0	0	0	0	0	25	296	0	0	0	0	0	0	0	0	0	0	0	50	0	0	0	0	0	0	0	0	-1	0	0	0	0	0	0	0	0	0	1	90	0	0	0	0	0	0	0	0	0
	207	Elkern	43	462 	0 	0 	0 	1 	0	0	0	0	1000 	0	0	0	0	0	0	0	0	0	0	10000	12000	10000	0	0	0	0	0	0	0	0	0	0	0	25	296	0	0	0	0	0	0	0	0	0	0	0	50	0	0	0	0	0	0	0	0	-1	0	0	0	0	0	0	0	0	0	1	100	0	0	0	0	0	0	0	0	0
;	p_monai(p17)																																																																															
;	#바우트 몬스터 스크립트(부분)																																																																															
;	2005/10/17*																																																																															
;	필드별 설명을 보고 싶으면 bt_몬스터AI.doc 문서를 보시오.																																																																															
;	"P17 ""갑판탈출"" 몬스터/보스 : 레벨 70"																																																																															
;	기본정보			기본난이도	l	1 	d	15							Base전 전용						AI 구성 요소(소수 안됨)																																					몬스터속성																						
;	INDEX	이름	그림 index	Life	D1	D2	총알데미지	변신취급	회복%	회복타입	점령형	파워업	대변공	대변방	Life가중	D1가중	D2가중	총뎀가중	본진취급	성향	점프추적	AI	총알idx	감지시야	추격시야	걷기시야	추격y	추격-y	총쏨min	총쏨max	지상공격	걷점공격	달점공격	헬프시야	점공%	총쏨%	막기%	총막기%	막기시야	소심%	헬프요%	분노%	패턴1	패턴2	패턴3	패턴4	패턴5	특수결정	카운터	공격속성	도망확률	위기탈출	승룡권	난무필살	(예비)	(예비)	(예비)	클리핑	충돌	부활	파괴불가	무적시간	다운타입	방향전환	그림자	이름표	지형충돌	움직임	총쏨위선	렌더옵션	크기%	건물형	앞무적	앞오무적	오른무적	뒤오무적	뒤무적	뒤왼무적	왼무적	앞왼무적
	208	Byte-Cannon	51	818 	42 	42 	212 	0 	0	0	0	0	1200 	200 	0	0	0	0	0	0	0	0	4	1500	0	1000	0	0	0	1300	100	250	300	0	0	100	5	0	296	100	100	0	0	0	0	0	0	0	0	4	0	0	0	0	0	0	0	2	0	-1	0	500	3	0	0	1	0	1	30	0	100	1	0	0	0	0	0	0	0	0
	209	Bit-Blaster	52	351 	52 	52 	78 	0 	0	0	0	0	1200 	200 	0	0	0	0	0	0	0	0	6	1500	0	1000	0	0	0	1000	100	250	300	0	0	100	5	0	296	100	0	0	0	0	0	0	0	0	0	2	0	0	0	0	0	0	0	1	0	-1	0	500	3	0	0	1	0	1	30	0	100	1	0	0	0	0	0	0	0	0
	210	Flame-Shooter	53	468 	64 	64 	96 	0 	0	0	0	0	1200 	200 	0	0	0	0	0	0	0	0	7	1500	0	1000	0	0	0	800	100	250	300	0	0	100	0	0	0	100	100	0	0	0	0	0	0	0	0	6	0	0	0	0	0	0	0	1	0	-1	0	500	3	0	0	1	0	1	50	0	100	1	0	0	0	0	0	0	0	0
	211	Flame-Shooter-Tower	54	468 	64 	64 	118 	0 	0	0	0	0	1200 	200 	0	0	0	0	0	0	0	0	7	1500	0	1000	0	0	0	800	100	0	0	1000	0	100	0	0	0	0	100	0	0	0	0	0	0	0	0	6	0	0	0	0	0	0	0	2	0	-1	0	500	3	0	0	1	0	1	120	0	100	1	0	0	0	0	0	0	0	0
	212	Control-Room	55	5025 	1 	1 	0 	1 	0	0	0	0	1200 	200 	0	0	0	0	0	0	0	0	0	0	0	0	0	0	0	0	0	0	0	0	0	0	0	0	0	0	100	0	0	0	0	0	0	0	0	0	0	0	0	0	0	0	0	2	1	-1	0	0	3	1	0	1	0	1	0	0	100	1	0	0	0	1	1	1	1	0
	213	Burn!-Burn!	45	10000 	352 	352 	0 	0 	0	0	0	0	1200 	0	0	0	0	0	0	0	0	0	0	0	0	0	0	0	0	0	0	0	0	0	0	0	0	0	0	0	0	0	0	0	0	0	0	0	0	0	0	0	0	0	0	0	0	1	1	-1	1	0	0	1	1	1	0	1	0	0	110	0	0	0	0	0	0	0	0	0
	214	Sasser	16	432 	119 	161 	0 	0 	0	0	0	0	1600 	100 	0	0	0	0	0	0	0	0	0	1200	1000	225	0	0	0	0	80	250	150	2800	10	0	25	0	0	0	0	0	200012	0	0	200019	0	0	0	0	2	0	0	0	0	0	0	0	0	-1	0	0	0	0	0	0	0	0	0	1	100	0	0	0	0	0	0	0	0	0
	215	Nimba	61	331 	65 	80 	0 	0 	0	0	0	0	1200 	200 	0	0	0	0	0	0	1	0	0	1000	1000	400	0	0	0	0	120	250	300	2800	20	0	0	0	0	0	0	0	0	0	0	0	0	0	0	0	20	0	0	0	0	0	0	0	0	-1	0	0	0	0	0	0	0	0	0	0	100	0	0	0	0	0	0	0	0	0
	216	Trojan-S	65	369 	68 	88 	0 	0 	0	0	0	0	1600 	200 	0	0	0	0	0	0	1	0	0	800	1000	400	0	0	0	0	150	250	300	700	20	0	5	10	296	30	0	100	0	0	0	0	300011	0	0	0	10	0	50	100	0	0	0	0	0	-1	0	0	0	0	0	0	0	0	0	0	100	0	0	0	0	0	0	0	0	0
	217	Shamoon	14	381 	77 	90 	0 	0 	0	0	0	0	1600 	200 	0	0	0	0	0	0	1	0	0	800	1000	225	0	0	0	0	80	250	150	2800	0	0	5	10	296	0	0	0	0	0	0	200012	0	0	0	0	0	0	0	0	0	0	0	0	0	-1	0	0	0	0	0	0	0	0	0	0	110	0	0	0	0	0	0	0	0	0
	218	Carlos	20	3007 	177 	217 	0 	1 	0	0	0	0	1400 	200 	0	0	0	0	0	0	1	0	0	10000	10000	400	0	0	0	0	200	250	300	2800	20	0	10	10	296	0	100	100	200015	200030	0	0	0	0	100	1	20	3	100	1	0	0	0	1	0	-1	0	500	0	0	0	0	0	0	0	0	100	0	0	0	0	0	0	0	0	0
	219	Chernobyl	34	3168 	143 	191 	0 	1 	0 	0 	0 	0 	1300 	200 	0 	0 	0 	0 	0 	0 	0	0	0	2000	2000	2000	0	0	0	0	150	0	0	10000	0	0	15	15	296	0	100	100	5100015	0	0	0	0	0	0	1	20	50	0	0	0	0	0	1	0	-1	0	500	0	0	0	0	0	0	0	0	80	0	0	0	0	0	0	0	0	0
	220	Elkern	42	85 	0 	0 	0 	0 	0	0	0	0	1000 	0	0	0	0	0	0	0	0	0	0	10000	12000	10000	0	0	0	0	0	0	0	0	0	0	0	0	0	0	0	0	0	0	0	0	0	0	100	0	30	0	0	0	0	0	0	0	0	-1	0	0	0	0	0	1	0	0	0	0	110	0	0	0	0	0	0	0	0	0
	221	Dropped-Item	21	1 	1 	1 	0 	0 	0	0	0	0	1000 	0	0	0	0	0	0	0	0	0	0	0	0	0	0	0	0	0	0	0	0	0	0	0	0	0	0	0	0	0	0	0	0	0	0	0	0	0	0	0	0	0	0	0	0	0	0	-1	0	0	0	1	1	1	0	1	0	0	100	0	0	0	0	0	0	0	0	0
;	p_monai(baseonly)																																																																															
;	#바우트 몬스터 스크립트(부분)																																																																															
;	2005/10/31*																																																																															
;	필드별 설명을 보고 싶으면 bt_몬스터AI.doc 문서를 보시오.																																																																															
;	"Base전00 ""테스트Base전"" 몬스터/보스"																																																																															
;	기본정보			기본난이도											Base전 전용						AI 구성 요소(소수 안됨)																																					몬스터속성																						
;	INDEX	이름	그림 index	Life	D1	D2	총알데미지	변신취급	회복%	회복타입	점령형	파워업	대변공	대변방	Life가중%	D1가중%	D2가중%	총뎀가중%	본진취급	성향	점프추적	AI	총알idx	감지시야	추격시야	걷기시야	추격y	추격-y	총쏨min	총쏨max	지상공격	걷점공격	달점공격	헬프시야	점공%	총쏨%	막기%	총막기%	막기시야	소심%	헬프요%	분노%	패턴1	패턴2	패턴3	패턴4	패턴5	특수결정	카운터%	공격속성	도망확률	위기탈출	승룡권	난무필살	(예비)	(예비)	(예비)	클리핑	충돌	부활	파괴불가	무적시간	다운타입	방향전환	그림자	이름표	지형충돌	움직임	총쏨위선	렌더옵션	크기%	건물형	앞무적	앞오무적	오른무적	뒤오무적	뒤무적	뒤왼무적	왼무적	앞왼무적
	1000	Base	66	1 	2 	3 	4	1	35	1	0	0	2500	750	300	130	130	150	1	0	0	0	8	1300	1300	1300	0	0	0	1300	100	250	300	0	0	100	0	0	0	100	0	0	110010	0	0	0	0	0	0	4	0	0	0	0	0	0	0	3	0	-1	0	250	3	0	0	0	1	1	160	0	100	1	0	0	0	0	0	0	0	0
	1008	BubbleBoy	3	1 	2 	3 	4	1	7	1	0	0	1800	450	600	170	260	0	1	0	0	0	8	4000	4000	400	0	0	0	0	120	250	300	700	20	0	30	50	296	30	0	100	0	0	0	0	0	0	0	0	20	0	0	0	0	0	0	0	0	-1	0	0	0	0	0	0	0	0	0	0	120	0	0	0	0	0	0	0	0	0
	1009	Kowbat	24	1 	2 	3 	4	1	12	1	0	0	2200	450	930	440	550	0	1	0	0	0	0	8000	9000	900	0	0	0	0	180	0	0	800	0	0	55	40	296	0	50	100	200006	200014	200010	0	0	0	10	2	10	0	0	0	0	0	0	1	0	-1	0	500	0	0	0	0	0	0	0	0	120	0	0	0	0	0	0	0	0	0
	1001	Base	66	1 	2 	3 	4	1	35	1	0	0	2500	750	300	130	130	150	1	0	0	0	8	1300	1300	1300	0	0	0	1300	100	250	300	0	0	100	0	0	0	100	0	0	110010	0	0	0	0	0	0	4	0	0	0	0	0	0	0	3	0	-1	0	250	3	0	0	0	0	1	160	0	100	1	0	0	0	0	0	0	0	0
	1002	Base	66	1 	2 	3 	4	1	10	1	0	0	2500	400	650	130	130	150	1	0	0	0	8	1300	1300	1300	0	0	0	1300	100	250	300	0	0	100	0	0	0	100	0	0	110010	0	0	0	0	0	0	4	0	0	0	0	0	0	0	3	0	-1	0	100	3	0	0	0	0	1	160	0	100	1	0	0	0	0	0	0	0	0
	1004	Base	66	1 	2 	3 	4	1	10	1	0	0	2500	200	600	130	130	150	1	0	0	0	8	1300	1300	1300	0	0	0	1300	100	250	300	0	0	100	0	0	0	100	0	0	110010	0	0	0	0	0	0	4	0	0	0	0	0	0	0	3	0	-1	0	250	3	0	0	0	1	1	160	0	100	1	0	0	0	0	0	0	0	0
	1003	Base	66	1 	2 	3 	4	1	45	1	0	0	2500	500	200	130	130	150	1	0	0	0	8	1300	1300	1300	0	0	0	1300	100	250	300	0	0	100	0	0	0	100	0	0	110020	0	0	0	0	0	0	4	0	0	0	0	0	0	0	3	0	-1	0	250	3	0	0	0	0	1	160	0	100	1	0	0	0	0	0	0	0	0
	1010	Boza	59	1 	2 	3 	4 	0 	18	0	0	0	1000 	200	120	90	90	0	0	0	1	0	0	750	750	250	390	0	0	0	70	250	300	0	10	0	5	1	296	30	0	0	0	0	0	0	0	0	0	0	0	0	0	0	0	0	0	0	0	-1	0	0	0	0	0	0	0	0	0	0	100	0	0	0	0	0	0	0	0	0
	1020	Wazzu	60	1 	2 	3 	4 	0 	15	0	0	0	2500 	0	37	150	150	600	0	0	1	0	5	1100	1050	1000	30	30	0	1100	950	0	0	0	0	100	5	1	296	100	0	0	0	0	0	0	0	0	0	0	0	0	0	0	0	0	0	0	0	-1	0	0	0	0	0	0	0	0	100	0	100	0	0	0	0	0	0	0	0	0
	1030	Nimba	61	1 	2 	3 	4 	0 	17	0	0	0	900 	0	60	60	60	0	0	0	1	0	0	180	200	200	390	0	0	0	70	250	300	0	0	0	10	1	296	100	0	0	0	0	0	0	0	0	0	0	0	0	0	0	0	0	0	0	0	-1	0	0	0	0	0	0	0	0	0	0	100	0	0	0	0	0	0	0	0	0
	1040	Scalper	62	1 	2 	3 	4 	0 	20	0	0	0	1000 	300 	100	150	170	0	0	0	1	0	0	600	700	700	390	0	0	0	200	250	300	0	10	0	10	1	296	30	0	0	0	0	0	0	0	0	0	0	0	0	0	0	0	0	0	0	0	-1	0	0	0	0	0	0	0	0	0	0	100	0	0	0	0	0	0	0	0	0
	1050	LaserSpear	63	1 	2 	3 	4	1	3	0	0	0	1000	0	70	30	30	45	0	0	0	0	9	800	0	500	0	0	0	800	100	250	300	0	0	100	0	0	296	100	0	0	100060	0	0	0	0	0	0	4	0	0	0	0	0	0	0	2	0	-1	0	250	3	0	0	0	1	1	30	0	100	0	0	0	0	0	0	0	0	0
	1060	FirePresser	64	1 	2 	3 	4	1	3	0	0	0	1000	0	70	30	30	70	0	0	0	0	10	800	0	250	0	0	0	800	100	250	300	0	0	100	0	0	296	100	0	0	100060	0	0	0	0	0	0	4	0	0	0	0	0	0	0	2	0	-1	0	250	3	0	0	0	1	1	30	0	100	0	0	0	0	0	0	0	0	0
	1070	NikeCannon	65	1 	2 	3 	4	1	3	1	0	0	1000	0	70	30	30	10	1	0	0	0	11	1200	0	1000	0	0	0	1100	100	250	300	0	0	100	0	0	296	100	0	0	0	0	0	0	0	0	0	4	0	0	0	0	0	0	0	2	0	-1	0	250	3	0	0	0	1	1	30	0	100	0	0	0	0	0	0	0	0	0
	1080	OpsTeam	76	1 	2 	3 	4	0	20	0	0	0	75000	300	200	200	210	0	0	0	1	0	0	500	600	600	390	0	0	0	100	250	300	0	0	0	40	1	296	100	0	0	0	0	0	0	0	0	0	3	0	0	0	0	0	0	0	0	0	-1	0	100	0	0	0	0	0	0	0	0	100	0	0	0	0	0	0	0	0	0
	1090	EchoForce	77	1 	2 	3 	4	0	20	0	0	0	1560	400	150	120	132	0	0	0	1	0	0	500	600	600	390	0	0	0	100	250	300	0	10	0	40	1	296	100	0	0	0	0	0	0	0	0	0	3	0	0	0	0	0	0	0	0	0	-1	0	100	0	0	0	0	0	0	0	0	100	0	0	0	0	0	0	0	0	0
	1100	Shuriken	79	1 	2 	3 	4	0	200	0	0	0	1800	300	100	100	110	0	0	0	1	0	0	500	600	600	390	0	0	0	100	250	300	0	10	0	40	1	296	100	0	0	0	0	0	0	0	0	0	0	0	0	0	0	0	0	0	0	0	-1	0	100	0	0	0	0	0	0	0	0	100	0	0	0	0	0	0	0	0	0
	1101	Shuriken	79	1 	2 	3 	4	0	10	0	0	0	1400	300	180	890	950	0	0	0	1	0	0	4000	4000	600	1390	0	0	0	100	250	300	4000	10	0	40	1	296	100	0	0	0	0	0	0	0	0	0	0	0	0	0	0	0	0	0	0	0	-1	0	100	0	0	0	0	0	0	0	0	100	0	0	0	0	0	0	0	0	0
	1110	Arsenal	80	1 	2 	3 	4 	0 	20	0	0	0	2500 	100	38	400	400	500	0	0	1	0	4	1100	1050	1000	30	30	0	1100	950	0	0	0	0	100	5	1	296	100	0	0	0	0	0	0	0	0	0	0	0	0	0	0	0	0	0	0	0	-1	0	0	0	0	0	0	0	0	100	0	100	0	0	0	0	0	0	0	0	0
	1111	Arsenal	80	1 	2 	3 	4 	0 	10	0	0	0	2500 	100	115	400	400	600	0	0	1	0	4	4000	4000	1000	30	30	0	400	400	0	0	0	0	100	5	1	296	100	0	0	0	0	0	0	0	0	0	0	0	0	0	0	0	0	0	0	0	-1	0	0	0	0	0	0	0	0	100	0	100	0	0	0	0	0	0	0	0	0
	1120	Aeron	81	1 	2 	3 	4	0	20	0	0	0	1800	300	100	100	110	0	0	0	1	0	0	500	600	600	390	0	0	0	100	250	300	0	80	0	40	1	296	100	0	0	0	0	0	0	0	0	0	0	0	0	0	0	0	0	0	0	0	-1	0	100	0	0	0	0	0	0	0	0	100	0	0	0	0	0	0	0	0	0
	1130	Grounder	82	1 	2 	3 	4	0	20	0	0	0	1800	600	100	100	110	0	0	0	1	0	0	500	600	600	390	0	0	0	100	250	300	0	10	0	60	60	296	100	0	0	0	0	0	0	0	0	0	0	0	0	0	0	0	0	0	0	0	-1	0	100	0	0	0	0	0	0	0	0	100	0	0	0	0	0	0	0	0	0
1140	Sharps	84	1 	2 	3 	4	0	25	0	0	0	1600	300	100	140	160	0	0	0	1	0	0	500	700	200	0	0	0	0	120	250	300	700	30	0	20	20	296	50	0	50	100005	0	0	0	0	2	0	2	0	0	0	0	0	0	0	0	0	-1	0	0	0	0	0	0	0	0	0	0	100	0	0	0	0	0	0	0	0	0
	1160	Crimson-Knight	86	1 	2 	3 	4 	0 	25 	0	0	0	1200 	400 	100	80	100	0	0	0	1	0	0	250	10000	1000	0	0	0	0	120	250	300	10000	15	0	90	1	296	0	0	0	0	0	0	0	0	0	100	3	0	0	0	0	0	0	0	0	0	-1	0	0	0	0	0	0	0	0	0	0	100	0	0	0	0	0	0	0	0	0
	1170	Collector	87	1 	2 	3 	4 	1 	15 	0	0	0	2200 	750 	60	100	135	0	0	0	1	0	0	500	500	400	0	0	0	0	150	250	300	2800	5	0	20	30	296	0	0	100	200007	0	0	0	0	0	0	1	0	30	0	0	0	0	0	0	0	-1	0	300	0	0	0	0	0	0	0	0	90	0	0	0	0	0	0	0	0	0
	1150	Mega-Klez	85	1 	2 	3 	4	0	20	0	0	0	1250	300	100	100	110	0	0	0	1	0	0	500	600	600	390	0	0	0	100	250	300	0	10	0	40	1	296	100	0	0	100010	0	0	0	0	0	0	0	0	0	0	0	0	0	0	0	0	-1	0	100	0	0	0	0	0	0	0	0	100	0	0	0	0	0	0	0	0	0
	1180	Barbarian	88	1 	2 	3 	4 	0 	15 	0	0	0	1300 	300 	120	100	140	0	0	0	1	0	0	750	750	400	0	0	0	0	140	200	250	5000	15	0	20	10	296	0	0	0	103009	0	0	0	0	0	0	0	0	0	0	0	0	0	0	0	0	-1	0	0	0	0	0	0	0	0	0	0	100	0	0	0	0	0	0	0	0	0
	1190	EliteGanda	2	1 	2 	3 	4 	0 	0	0	0	0	1900 	500 	300	150	180	0	0	0	1	0	0	650	1200	400	0	0	0	0	140	250	300	2800	20	0	12	50	296	100	0	0	0	0	0	0	0	0	0	0	2	0	0	0	0	0	0	0	0	-1	0	0	0	0	0	0	0	0	0	0	120	0	0	0	0	0	0	0	0	0
	1220	Bubbleboy	3	1 	2 	3 	4 	0 	15 	0	0	0	1500 	600 	250	200	200	0	0	0	1	0	0	400	700	400	0	0	0	0	120	250	300	700	20	0	60	70	296	30	0	100	0	0	0	0	0	0	0	0	0	0	0	0	0	0	0	0	0	-1	0	0	0	0	0	0	0	0	0	0	110	0	0	0	0	0	0	0	0	0
	1221	Sircam	7	1 	2 	3 	4 	0 	20	0	0	0	1400 	200 	80	150	200	0	0	0	0	0	0	300	550	250	0	0	0	0	120	250	300	250	5	0	20	20	296	0	0	100	200012	0	0	0	0	0	0	0	0	0	0	1	0	0	0	0	0	-1	0	0	0	0	0	0	0	0	0	0	100	0	0	0	0	0	0	0	0	0
	1222	Grade-Z	57	1 	2 	3 	4 	0 	15	0	0	0	1400 	300 	200	100	100	200	0	0	0	0	20	1100	1050	1000	0	0	0	1100	100	0	0	0	0	100	20	30	296	100	0	0	0	0	0	0	0	0	0	0	0	0	0	0	0	0	0	1	0	-1	0	0	0	0	0	0	0	0	50	0	100	0	0	0	0	0	0	0	0	0
	1223	Mandragore	11	1 	2 	3 	4 	0 	0	0	0	0	1600 	300 	115	100	160	0	0	0	0	0	0	500	4000	170	0	0	0	0	150	250	300	2800	0	0	20	70	296	40	0	100	101007	201017	0	0	0	0	0	6	0	0	0	0	0	0	0	1	0	-1	0	300	0	0	0	0	0	0	0	0	100	0	0	0	0	0	0	0	0	0
;	1151																																																																															
;	1152																																																																															
;	1153																																																																															
;	1154																																																																															
;	1155																																																																															
;	1156																																																																															
;	1157																																																																															
	1210	MiniTank	92	1 	2 	3 	4 	0 	15 	0	0	0	1100 	400 	75	60	70	0	0	0	1	0	0	500	700	400	0	0	0	0	120	0	0	0	0	0	20	30	296	0	0	30	200009	200021	0	0	0	0	0	0	0	30	0	0	0	0	0	0	0	-1	0	0	0	0	0	0	0	0	0	0	100	0	0	0	0	0	0	0	0	0
	1211	Tank	92	1 	2 	3 	4 	0 	15 	0	0	0	1100 	400 	375	430	460	0	0	0	1	0	0	2500	2000	400	0	0	0	0	120	0	0	0	0	0	20	30	296	0	0	30	210009	200016	0	0	0	0	0	0	0	30	0	0	0	0	0	0	0	-1	0	0	0	0	0	0	0	0	0	0	150	0	0	0	0	0	0	0	0	0
;	"P18 ""게바다정글"" 몬스터/보스 : 레벨 80"																																																																															
;	기본정보			기본난이도	l	1 	d	15							Base전 전용						AI 구성 요소(소수 안됨)																																					몬스터속성																						
;	INDEX	이름	그림 index	Life	D1	D2	총알데미지	변신취급	회복%	회복타입	점령형	파워업	대변공	대변방	Life가중	D1가중	D2가중	총뎀가중	본진취급	성향	점프추적	AI	총알idx	감지시야	추격시야	걷기시야	추격y	추격-y	총쏨min	총쏨max	지상공격	걷점공격	달점공격	헬프시야	점공%	총쏨%	막기%	총막기%	막기시야	소심%	헬프요%	분노%	패턴1	패턴2	패턴3	패턴4	패턴5	특수결정	카운터	공격속성	도망확률	위기탈출	승룡권	난무필살	(예비)	(예비)	(예비)	클리핑	충돌	부활	파괴불가	무적시간	다운타입	방향전환	그림자	이름표	지형충돌	움직임	총쏨위선	렌더옵션	크기%	건물형	앞무적	앞오무적	오른무적	뒤오무적	뒤무적	뒤왼무적	왼무적	앞왼무적
	222	Shoveler	4	509 	95 	137 	0 	0 	0 	0 	0 	0 	1300 	200 	0	0	0	0	0	0	1	0	0	400	1000	1000	0	0	0	0	120	250	300	700	0	0	10	15	296	100	0	0	0	0	0	0	0	0	0	0	10	0	0	0	0	0	0	0	0	-1	0	0	0	0	0	0	0	0	0	0	120	0	0	0	0	0	0	0	0	0
	223	Macho-Z	23	2720 	145 	201 	0	1	0	0	0	0	1400	200	0	0	0	0	0	0	1	0	0	800	500	700	0	0	0	0	140	0	0	2800	0	0	15	15	296	0	0	100	100015	100020	100025	100030	0	0	0	1	20	0	0	0	0	0	0	0	0	-1	0	0	0	0	0	0	0	0	0	0	110	0	0	0	0	0	0	0	0	0
	224	Sircam	7	784 	106 	155 	0	1	0	0	0	0	1300	200	0	0	0	0	0	0	1	0	0	500	700	400	0	0	0	0	120	250	300	700	5	0	10	15	296	0	0	100	0	0	0	0	0	0	0	0	10	0	0	1	0	0	0	0	0	-1	0	0	0	0	0	0	0	0	0	0	140	0	0	0	0	0	0	0	0	0
	225	Blackmal	37	467 	101 	149 	0	0	0	0	0	0	1300	200	0	0	0	0	0	0	1	0	0	250	500	1000	0	0	0	0	120	250	300	2000	0	0	10	15	296	0	0	0	0	0	0	0	0	0	100	0	0	0	0	0	0	0	0	0	0	-1	0	0	0	0	0	0	0	0	0	0	110	0	0	0	0	0	0	0	0	0
	226	Gamma	5	475 	88 	135 	0	0	0	0	0	0	1000	100	0	0	0	0	0	0	0	0	0	700	600	400	0	0	0	0	100	250	300	800	0	0	10	0	296	0	0	0	0	0	0	0	0	0	0	0	0	0	0	0	0	0	0	0	0	-1	0	0	0	0	0	0	0	0	0	0	105	0	0	0	0	0	0	0	0	0
	227	Crane	73	1 	282 	282 	0 	1 	0	0	0	0	1300 	200 	0	0	0	0	0	0	0	0	0	800	900	800	0	0	0	0	0	0	0	0	0	0	0	0	0	0	0	0	101009	0	0	0	0	0	0	4	0	0	0	0	0	0	0	3	0	-1	1	0	0	1	1	1	1	1	0	0	100	0	0	0	0	0	0	0	0	0
	228	Crane2	74	1 	282 	282 	0 	1 	0	0	0	0	1300 	200 	0	0	0	0	0	0	0	0	0	800	900	800	0	0	0	0	0	0	0	0	0	0	0	0	0	0	0	0	101009	0	0	0	0	0	0	4	0	0	0	0	0	0	0	3	0	-1	1	0	0	1	1	1	1	1	0	0	100	0	0	0	0	0	0	0	0	0
	229	Chainsaw	75	1421 	187 	218 	0 	1 	0	0	0	0	1300 	200 	0	0	0	0	0	0	0	0	0	300	400	500	0	0	0	0	500	0	0	0	0	0	0	0	0	0	0	0	101003	0	0	0	0	0	0	3	0	0	0	0	0	0	0	1	0	-1	0	0	3	1	1	1	1	1	0	0	100	0	0	0	0	0	0	0	0	0
	230	Elkern	42	142 	0 	0 	0 	0 	0	0	0	0	1000 	0	0	0	0	0	0	0	0	0	0	10000	12000	10000	0	0	0	0	0	0	0	0	0	0	0	0	0	0	0	0	0	0	0	0	0	0	100	0	30	0	0	0	0	0	0	0	0	-1	0	0	0	0	0	1	0	0	0	0	100	0	0	0	0	0	0	0	0	0
;	p_monai(p19)																																																																															
;	#바우트 몬스터 스크립트(부분)																																																																															
;	2006/03/13*																																																																															
;	필드별 설명을 보고 싶으면 bt_몬스터AI.doc 문서를 보시오.																																																																															
;	"P19 ""벼랑위탐험"" 몬스터/보스 : 레벨 90"																																																																															
;	기본정보			기본난이도	l	1 	d	15							Base전 전용						AI 구성 요소(소수 안됨)																																					몬스터속성																						
;	INDEX	이름	그림 index	Life	D1	D2	총알데미지	변신취급	회복%	회복타입	점령형	파워업	대변공	대변방	Life가중	D1가중	D2가중	총뎀가중	본진취급	성향	점프추적	AI	총알idx	감지시야	추격시야	걷기시야	추격y	추격-y	총쏨min	총쏨max	지상공격	걷점공격	달점공격	헬프시야	점공%	총쏨%	막기%	총막기%	막기시야	소심%	헬프요%	분노%	패턴1	패턴2	패턴3	패턴4	패턴5	특수결정	카운터	공격속성	도망확률	위기탈출	승룡권	난무필살	(예비)	(예비)	(예비)	클리핑	충돌	부활	파괴불가	무적시간	다운타입	방향전환	그림자	이름표	지형충돌	움직임	총쏨위선	렌더옵션	크기%	건물형	앞무적	앞오무적	오른무적	뒤오무적	뒤무적	뒤왼무적	왼무적	앞왼무적
	231	Shoveler	4	560 	104 	150 	0 	0 	0 	0 	0 	0 	1300 	200 	0	0	0	0	0	0	1	0	0	400	1000	1000	0	0	0	0	120	250	300	700	0	0	15	10	296	100	0	0	0	0	0	0	0	0	0	0	10	0	0	0	0	0	0	0	0	-1	0	0	0	0	0	0	0	0	0	0	110	0	0	0	0	0	0	0	0	0
	232	Mandragore	11	1357 	132 	316 	0 	1 	0	0	0	0	1400 	200 	0	0	0	0	0	0	0	0	0	800	700	400	0	0	0	0	120	250	300	2800	0	0	15	15	296	30	0	100	6200010	6200020	0	0	0	0	0	1	20	0	0	0	0	0	0	1	0	-1	0	0	0	0	0	0	0	0	0	0	120	0	0	0	0	0	0	0	0	0
	233	Sircam	7	862 	116 	169 	0	1	0	0	0	0	1300	200	0	0	0	0	0	0	1	0	0	500	700	400	0	0	0	0	120	250	300	700	5	0	10	15	296	0	0	100	0	0	0	0	0	0	0	0	10	0	0	1	0	0	0	0	0	-1	0	0	0	0	0	0	0	0	0	0	100	0	0	0	0	0	0	0	0	0
	234	Blackmal	37	514 	110 	162 	0	0	0	0	0	0	1300	200	0	0	0	0	0	0	1	0	0	600	700	400	0	0	0	0	120	250	300	2000	0	0	10	15	296	0	0	0	0	0	0	0	0	0	100	0	0	0	0	0	0	0	0	0	0	-1	0	0	0	0	0	0	0	0	0	0	110	0	0	0	0	0	0	0	0	0
	235	Vandor	78	4123 	168 	224 	0	1	0	0	0	0	1500	200	0	0	0	0	0	0	1	0	0	1600	500	700	0	0	0	0	140	0	0	2800	0	0	15	15	296	0	0	100	100015	100020	200025	200030	0	0	0	1	20	0	0	0	0	0	0	0	0	-1	0	0	0	0	0	0	0	0	0	0	190	0	0	0	0	0	0	0	0	0
	236	Crane1	73	1 	324 	324 	0 	1 	0	0	0	0	1300 	200 	0	0	0	0	0	0	0	0	0	800	900	800	0	0	0	0	0	0	0	0	0	0	0	0	0	0	0	0	101009	0	0	0	0	0	0	4	0	0	0	0	0	0	0	3	0	-1	1	0	0	1	1	1	1	1	0	0	100	0	0	0	0	0	0	0	0	0
	237	Crane2	74	1 	324 	324 	0 	1 	0	0	0	0	1300 	200 	0	0	0	0	0	0	0	0	0	800	900	800	0	0	0	0	0	0	0	0	0	0	0	0	0	0	0	0	101009	0	0	0	0	0	0	4	0	0	0	0	0	0	0	3	0	-1	1	0	0	1	1	1	1	1	0	0	100	0	0	0	0	0	0	0	0	0
	238	Chainsaw	75	1507 	215 	251 	0 	1 	0	0	0	0	1300 	200 	0	0	0	0	0	0	0	0	0	300	400	500	0	0	0	0	500	0	0	0	0	0	0	0	0	0	0	0	101003	0	0	0	0	0	0	3	0	0	0	0	0	0	0	1	0	-1	0	0	3	1	1	1	1	1	0	0	100	0	0	0	0	0	0	0	0	0
	239	Elkern	42	151 	0 	0 	0 	0 	0	0	0	0	1000 	0	0	0	0	0	0	0	0	0	0	10000	12000	10000	0	0	0	0	0	0	0	0	0	0	0	0	0	0	0	0	0	0	0	0	0	0	100	0	30	0	0	0	0	0	0	0	0	-1	0	0	0	0	0	1	0	0	0	0	100	0	0	0	0	0	0	0	0	0
;	p_monai(elite07)																																																																															
;	#바우트 몬스터 스크립트(부분)																																																																															
;	2005/09/26*																																																																															
;	필드별 설명을 보고 싶으면 bt_몬스터AI.doc 문서를 보시오.																																																																															
;	"elite07 ""유령과혈투"" (P15 ""엔진실대탈출"" )몬스터/보스 : 레벨 68"																																																																															
;	기본정보			기본난이도	l	1	d	15							기지전 전용						AI 구성 요소(소수 안됨)																																					몬스터속성																						
;	INDEX	이름	그림 index	Life	D1	D2	총알데미지	변신취급	회복%	회복타입	점령형	파워업	대변공	대변방	Life가중	D1가중	D2가중	총뎀가중	본진취급	성향	점프추적	AI	총알idx	감지시야	추격시야	걷기시야	추격y	추격-y	총쏨min	총쏨max	지상공격	걷점공격	달점공격	헬프시야	점공%	총쏨%	막기%	총막기%	막기시야	소심%	헬프요%	분노%	패턴1	패턴2	패턴3	패턴4	패턴5	특수결정	카운터	공격속성	도망확률	위기탈출	승룡권	난무필살	(예비)	(예비)	(예비)	클리핑	충돌	부활	파괴불가	무적시간	다운타입	방향전환	그림자	이름표	지형충돌	움직임	총쏨위선	렌더옵션	크기%	건물형	앞무적	앞오무적	오른무적	뒤오무적	뒤무적	뒤왼무적	왼무적	앞왼무적
	240	Gate-Normal	29	3520 	0 	0 	0 	1 	0	0	0	0	1000 	200 	0	0	0	0	0	0	0	0	0	0	0	0	0	0	0	0	0	0	0	0	0	0	0	0	0	0	100	0	0	0	0	0	0	0	0	0	0	0	0	0	0	0	0	2	0	244	0	0	3	1	1	1	1	1	0	1	100	1	0	0	0	0	0	0	0	0
	241	Shamoon	14	593 	145 	185 	0 	0 	0	0	0	0	1600 	200 	0	0	0	0	0	0	1	0	0	800	1000	225	0	0	0	0	80	250	150	2800	0	0	5	10	296	0	0	0	0	0	0	200012	0	0	0	0	0	0	0	0	0	0	0	0	0	-1	0	0	0	0	0	0	0	0	0	1	110	0	0	0	0	0	0	0	0	0
	242	Stuxnet	32	2459 	121 	287 	0 	1 	0	0	0	0	1700 	400 	0	0	0	0	0	0	0	0	0	400	700	300	0	0	0	0	100	250	300	700	20	0	5	15	296	30	0	0	0	0	0	0	0	0	0	0	5	0	0	0	0	0	0	0	0	-1	0	0	0	0	0	0	0	0	0	1	130	0	0	0	0	0	0	0	0	0
	243	SergeantSector	90	1863 	109 	204 	0 	1 	0 	0	0	0	1350 	300 	0	0	0	0	0	0	1	0	0	500	700	400	0	0	0	0	110	250	300	0	8	0	20	30	296	0	0	50	300010	0	0	0	0	0	0	0	0	5	0	0	0	0	0	0	0	-1	0	0	0	0	0	0	0	0	0	1	110	0	0	0	0	0	0	0	0	0
	244	Gate-Collapse-Stage-4	33	1 	0 	0 	0 	1 	0	0	0	0	1000 	0	0	0	0	0	0	0	0	0	0	0	0	0	0	0	0	0	0	0	0	0	0	0	0	0	0	0	100	0	0	0	0	0	0	0	0	0	0	0	0	0	0	0	0	2	0	-1	0	0	3	1	1	1	1	1	0	1	100	1	0	0	0	0	0	0	0	0
	245	Door	49	7800 	1 	1 	0 	1 	0	0	0	0	1000 	200 	0	0	0	0	0	0	0	0	0	0	0	0	0	0	0	0	0	0	0	0	0	0	0	0	0	0	0	0	0	0	0	0	0	0	0	0	0	0	0	0	0	0	0	2	1	-1	0	0	3	1	1	0	0	1	0	1	100	1	0	0	0	0	0	0	0	0
	246	Blackmal	37	578 	114 	169 	0 	0 	0	0	0	0	1400 	200 	0	0	0	0	0	0	0	0	0	250	5000	1000	0	0	0	0	120	250	300	10000	0	0	25	10	296	0	0	0	0	0	0	0	0	0	10	0	0	0	0	0	0	0	0	0	0	-1	0	0	0	0	0	0	0	0	0	1	110	0	0	0	0	0	0	0	0	0
	247	Grade-A	40	865 	220 	325 	0 	0 	0	0	0	0	1500 	200 	0	0	0	0	0	0	0	0	0	500	10000	200	0	0	0	0	120	250	300	10000	0	0	25	15	296	0	0	0	0	200005	0	0	0	0	10	0	0	0	0	0	0	0	0	0	0	-1	0	0	0	0	0	0	0	0	0	1	140	0	0	0	0	0	0	0	0	0
	248	Elkern	43	523 	0 	0 	0 	0 	0	0	0	0	1000 	0	0	0	0	0	0	0	0	0	0	10000	12000	10000	0	0	0	0	0	0	0	0	0	0	0	0	0	0	0	0	0	0	0	0	0	0	0	0	50	0	0	0	0	0	0	0	0	-1	0	0	0	0	0	1	0	0	0	1	100	0	0	0	0	0	0	0	0	0
	249	Donut-A	36	10000 	434 	434 	0 	0 	0	0	0	0	1400 	0	0	0	0	0	0	0	0	0	0	900	1000	100	0	0	0	0	0	0	0	0	0	0	0	0	0	0	0	0	101001	0	0	0	0	0	0	6	0	0	0	0	0	0	0	2	1	-1	1	0	3	1	1	1	1	1	0	1	170	0	0	0	0	0	0	0	0	0
	250	Trojan-S	65	461 	85 	110 	0 	0 	0	0	0	0	1600 	200 	0	0	0	0	0	0	1	0	0	800	1000	400	0	0	0	0	150	250	300	700	20	0	5	10	296	30	0	100	0	0	0	0	300011	0	0	0	10	0	50	100	0	0	0	0	0	-1	0	0	0	0	0	0	0	0	0	0	100	0	0	0	0	0	0	0	0	0
	251	Spinnydo	38	480 	147 	216 	0 	0 	0	0	0	0	1300 	0	0	0	0	0	0	0	0	0	0	300	400	500	0	0	0	0	500	0	0	0	0	0	0	0	0	0	0	0	0	0	0	0	0	0	0	1	0	0	0	0	0	0	0	2	0	-1	0	0	0	1	0	1	1	1	0	1	200	0	0	0	0	0	0	0	0	0
	252	Laser-Beam	39	10000 	238 	327 	0 	0 	0	0	0	0	1300 	0	0	0	0	0	0	0	0	0	0	0	0	0	0	0	0	0	0	0	0	0	0	0	0	0	0	0	0	0	0	0	0	0	0	0	0	5	0	0	0	0	0	0	0	2	1	-1	1	0	0	1	1	1	1	1	0	1	100	0	0	0	0	0	0	0	0	0
	253	Chernobyl	34	3840 	201 	273 	0 	1 	0	0	0	0	1500 	200 	0	0	0	0	0	0	0	0	0	500	600	7000	0	0	0	0	150	0	0	10000	0	0	30	15	296	0	0	100	5100018	6200045	0	4300027	0	0	30	1	0	0	0	0	0	0	0	1	0	-1	0	500	0	0	0	0	0	0	0	1	110	0	0	0	0	0	0	0	0	0
	254	Burn!-Burn!	45	10000 	352 	352 	0 	0 	0	0	0	0	1500 	0	0	0	0	0	0	0	0	0	0	0	0	0	0	0	0	0	0	0	0	0	0	0	0	0	0	0	0	0	0	0	0	0	0	0	0	0	0	0	0	0	0	0	0	1	1	-1	1	0	0	1	1	1	0	1	0	1	140	0	0	0	0	0	0	0	0	0
	255	Chernobyl	34	1597 	179 	240 	0 	1 	0	0	0	0	1500 	200 	0	0	0	0	0	0	0	0	0	20000	20000	20000	0	0	0	0	150	0	0	10000	0	0	25	15	296	0	0	100	5100014	6200038	0	4300024	0	0	30	1	0	0	0	0	0	0	0	1	0	255	0	500	0	0	0	0	0	0	0	1	120	0	0	0	0	0	0	0	0	0
	256	Enforcer	91	1316 	200 	300 	209 	1 	0	0	0	0	1500 	100	0	0	0	0	0	0	1	0	6	1100	1050	1000	10	10	0	1200	1100	0	0	0	0	100	10	5	296	100	0	0	103009	0	0	0	0	0	0	0	0	0	0	0	0	0	0	0	0	-1	0	0	0	0	0	0	0	1	110	0	90	0	0	0	0	0	0	0	0	0
;	p_monai_(eltie08)																																																																															
;	#바우트 몬스터 스크립트(부분)																																																																															
;	2005/10/17*																																																																															
;	필드별 설명을 보고 싶으면 bt_몬스터AI.doc 문서를 보시오.																																																																															
;	"elite08 ""유령선폭파""(P17 ""갑판탈출"") 몬스터/보스 : 레벨 78"																																																																															
;	기본정보			기본난이도	l	0.8	d	15							기지전 전용						AI 구성 요소(소수 안됨)																																					몬스터속성																						
;	INDEX	이름	그림 index	Life	D1	D2	총알데미지	변신취급	회복%	회복타입	점령형	파워업	대변공	대변방	Life가중	D1가중	D2가중	총뎀가중	본진취급	성향	점프추적	AI	총알idx	감지시야	추격시야	걷기시야	추격y	추격-y	총쏨min	총쏨max	지상공격	걷점공격	달점공격	헬프시야	점공%	총쏨%	막기%	총막기%	막기시야	소심%	헬프요%	분노%	패턴1	패턴2	패턴3	패턴4	패턴5	특수결정	카운터	공격속성	도망확률	위기탈출	승룡권	난무필살	(예비)	(예비)	(예비)	클리핑	충돌	부활	파괴불가	무적시간	다운타입	방향전환	그림자	이름표	지형충돌	움직임	총쏨위선	렌더옵션	크기%	건물형	앞무적	앞오무적	오른무적	뒤오무적	뒤무적	뒤왼무적	왼무적	앞왼무적
	257	Byte-Cannon	51	1896 	42 	42 	273 	0 	0	0	0	0	1200 	200 	0	0	0	0	0	0	0	0	4	1500	0	1000	0	0	0	1300	100	250	300	0	0	100	0	0	296	100	100	0	0	0	0	0	0	0	0	4	0	0	0	0	0	0	0	2	0	-1	0	500	3	0	0	1	0	1	30	1	100	1	0	0	0	0	0	0	0	0
	258	Bit-Blaster	52	715 	52 	52 	117 	0 	0	0	0	0	1300 	200 	0	0	0	0	0	0	0	0	6	1500	0	1000	0	0	0	1000	100	250	300	0	0	100	0	0	296	100	0	0	0	0	0	0	0	0	0	2	0	0	0	0	0	0	0	1	0	-1	0	500	3	0	0	1	0	1	30	1	120	1	0	0	0	0	0	0	0	0
	259	Flame-Shooter	53	715 	64 	64 	144 	0 	0	0	0	0	1400 	200 	0	0	0	0	0	0	0	0	7	1500	0	1000	0	0	0	800	100	250	300	0	0	100	0	0	296	100	100	0	0	0	0	0	0	0	0	6	0	0	0	0	0	0	0	1	0	-1	0	500	3	0	0	1	0	1	50	1	120	1	0	0	0	0	0	0	0	0
	260	Creeper	30	1150 	186 	225 	0 	1 	0	0	0	0	1500 	150 	0	0	0	0	0	0	1	0	0	800	1000	130	0	0	0	0	130	0	350	700	20	0	10	20	296	100	0	100	0	0	0	0	0	0	0	0	0	0	0	0	0	0	0	0	0	-1	0	0	0	0	0	0	0	0	0	1	125	0	0	0	0	0	0	0	0	0
	261	Control-Room	55	8580 	1 	1 	0 	1 	0	0	0	0	1500 	200 	0	0	0	0	0	0	0	0	0	0	0	0	0	0	0	0	0	0	0	0	0	0	0	0	296	0	100	0	0	0	0	0	0	0	0	0	0	0	0	0	0	0	0	2	1	-1	0	0	3	1	0	1	0	1	0	1	110	1	0	0	0	1	1	1	1	0
	262	Burn!-Burn!	45	10000 	405 	405 	0 	0 	0	0	0	0	1200 	0	0	0	0	0	0	0	0	0	0	0	0	0	0	0	0	0	0	0	0	0	0	0	0	0	0	0	0	0	0	0	0	0	0	0	0	0	0	0	0	0	0	0	0	1	1	-1	1	0	0	1	1	1	0	1	0	1	200	0	0	0	0	0	0	0	0	0
	263	Trojan-R	56	488 	135 	181 	0 	0 	0	0	0	0	1600 	200 	0	0	0	0	0	0	0	0	0	800	1000	400	0	0	0	0	150	250	300	700	20	0	5	10	296	30	0	100	0	0	0	0	300014	0	0	0	10	0	50	100	0	0	0	0	0	-1	0	0	0	0	0	0	0	0	0	0	100	0	0	0	0	0	0	0	0	0
	264	Nimba	61	414 	129 	175 	0 	0 	0	0	0	0	1300 	200 	0	0	0	0	0	0	1	0	0	1000	1000	400	0	0	0	0	120	250	300	2800	20	0	25	15	296	0	0	0	0	0	0	0	0	0	0	0	0	0	0	0	0	0	0	0	0	-1	0	0	0	0	0	0	0	0	0	1	120	0	0	0	0	0	0	0	0	0
	265	Trojan-S	65	507 	128 	164 	0 	0 	0	0	0	0	1600 	200 	0	0	0	0	0	0	1	0	0	800	1000	400	0	0	0	0	150	250	300	700	20	0	5	10	296	30	0	100	0	0	0	0	300011	0	0	0	10	0	50	100	0	0	0	0	0	-1	0	0	0	0	0	0	0	0	0	1	100	0	0	0	0	0	0	0	0	0
	266	EliteShamoon	14	718 	167 	213 	0 	0 	0	0	0	0	1600 	200 	0	0	0	0	0	0	0	0	0	2000	2000	225	0	0	0	0	80	250	150	2800	0	0	8	20	296	0	0	0	0	0	0	200011	0	0	0	0	0	0	0	0	0	0	0	0	0	-1	0	250	0	0	0	0	0	0	0	1	125	0	0	0	0	0	0	0	0	0
	267	Carlos	20	4488 	156 	187 	0 	1 	0	0	0	0	1500 	200 	0	0	0	0	0	0	1	0	0	10000	10000	400	0	0	0	0	200	250	300	2800	20	0	25	15	296	0	100	100	200012	200022	0	0	0	0	100	1	0	3	100	1	0	0	0	1	0	-1	0	500	0	0	0	0	0	0	0	1	120	0	0	0	0	0	0	0	0	0
	268	Chernobyl	34	5271 	206 	276 	0 	1 	0 	0 	0 	0 	1300 	200 	0 	0 	0 	0 	0 	0 	0	0	0	2000	2000	2000	0	0	0	0	150	0	0	10000	0	0	20	15	296	0	100	100	5100015	0	0	0	0	0	0	1	0	50	0	0	0	0	0	1	0	-1	0	500	0	0	0	0	0	0	0	1	100	0	0	0	0	0	0	0	0	0
	269	Elkern	43	566 	0 	0 	0 	1 	0	0	0	0	1000 	0	0	0	0	0	0	0	0	0	0	10000	12000	10000	0	0	0	0	0	0	0	0	0	0	0	0	0	0	0	0	0	0	0	0	0	0	100	0	50	0	0	0	0	0	0	0	0	-1	0	0	0	0	0	1	0	0	0	1	100	0	0	0	0	0	0	0	0	0
	270	Dropped-Item	21	1 	1 	1 	0 	0 	0	0	0	0	1000 	0	0	0	0	0	0	0	0	0	0	0	0	0	0	0	0	0	0	0	0	0	0	0	0	0	0	0	0	0	0	0	0	0	0	0	0	0	0	0	0	0	0	0	0	0	0	-1	0	0	0	1	1	1	0	1	0	1	100	0	0	0	0	0	0	0	0	0
;	p_monai(p20)																																																																															
;	#바우트 몬스터 스크립트(부분)																																																																															
;	2006/09/20*																																																																															
;	필드별 설명을 보고 싶으면 bt_몬스터AI.doc 문서를 보시오.																																																																															
;	"P20 ""게바다신전"" 몬스터/보스 : 레벨 95"																																																																															
;	기본정보			기본난이도	l	0.9	d	15							기지전 전용						AI 구성 요소(소수 안됨)																																					몬스터속성																						
;	INDEX	이름	그림 index	Life	D1	D2	총알데미지	변신취급	회복%	회복타입	점령형	파워업	대변공	대변방	Life가중	D1가중	D2가중	총뎀가중	본진취급	성향	점프추적	AI	총알idx	감지시야	추격시야	걷기시야	추격y	추격-y	총쏨min	총쏨max	지상공격	걷점공격	달점공격	헬프시야	점공%	총쏨%	막기%	총막기%	막기시야	소심%	헬프요%	분노%	패턴1	패턴2	패턴3	패턴4	패턴5	특수결정	카운터	공격속성	도망확률	위기탈출	승룡권	난무필살	(예비)	(예비)	(예비)	클리핑	충돌	부활	파괴불가	무적시간	다운타입	방향전환	그림자	이름표	지형충돌	움직임	총쏨위선	렌더옵션	크기%	건물형	앞무적	앞오무적	오른무적	뒤오무적	뒤무적	뒤왼무적	왼무적	앞왼무적
	271	Trojan-P	64	755 	158 	184 	0 	0 	0	0	0	0	1600 	200 	0	0	0	0	0	0	0	0	0	800	1000	400	0	0	0	0	150	250	300	700	20	0	3	8	296	30	0	100	0	0	0	0	0	0	0	0	10	0	50	100	0	0	0	0	0	-1	0	0	0	0	0	0	0	0	0	0	100	0	0	0	0	0	0	0	0	0
	272	Sasser	16	487 	114 	167 	0 	0 	0	0	0	0	1600 	100 	0	0	0	0	0	0	0	0	0	800	1000	225	0	0	0	0	80	250	150	2800	10	0	25	0	0	0	0	0	100012	0	0	100020	0	0	0	0	2	0	0	0	0	0	0	0	0	-1	0	0	0	0	0	0	0	0	0	0	100	0	0	0	0	0	0	0	0	0
	273	Grade-A	40	767 	192 	186 	0 	0 	0	0	0	0	1500 	200 	0	0	0	0	0	0	0	0	0	1000	3000	200	0	0	0	0	120	250	300	10000	0	0	20	20	296	0	0	0	0	200005	0	0	0	0	100	0	0	0	0	0	0	0	0	0	0	-1	0	0	0	0	0	0	0	0	0	0	110	0	0	0	0	0	0	0	0	0
	274	Kakworm	44	465 	56 	76 	206 	0 	0	0	0	0	1300 	200 	0	0	0	0	0	0	0	0	5	1000	0	1000	0	0	0	1300	100	250	300	0	0	100	30	20	296	100	0	0	0	0	0	0	0	0	0	2	0	0	0	0	0	0	0	1	0	-1	0	0	0	0	0	0	0	1	50	0	110	0	0	0	0	0	0	0	0	0
	275	Gamma	5	523 	96 	147 	0	0	0	0	0	0	1000	100	0	0	0	0	0	0	0	0	0	700	600	400	0	0	0	0	100	250	300	800	0	0	10	0	296	0	0	0	0	0	0	0	0	0	0	0	0	0	0	0	0	0	0	0	0	-1	0	0	0	0	0	0	0	0	0	0	105	0	0	0	0	0	0	0	0	0
	276	Bubbleboy	3	1875 	181 	232 	0 	1 	0	0	0	0	1300 	200 	0	0	0	0	0	0	0	0	0	400	700	400	0	0	0	0	120	250	300	700	20	0	15	20	296	30	0	0	0	0	0	0	0	0	10	0	10	0	0	0	0	0	0	0	0	-1	0	0	0	0	0	0	0	0	0	0	120	0	0	0	0	0	0	0	0	0
	277	CodeRed	9	2013 	177 	232 	0 	1 	0	0	0	0	1500 	200 	0	0	0	0	0	0	0	0	0	650	700	400	0	0	0	0	120	250	300	0	0	0	20	20	296	0	0	100	200010	300018	0	0	0	3	60	1	0	100	0	0	0	0	0	0	0	-1	0	500	0	0	0	0	0	0	0	0	100	0	0	0	0	0	0	0	0	0
	278	Kowbat	24	2438 	169 	244 	0 	1 	0	0	0	0	1500 	200 	0	0	0	0	0	0	0	0	0	1000	3000	900	0	0	0	0	180	0	0	2800	0	0	20	20	296	0	50	100	200008	200016	200024	0	0	0	5	2	10	0	0	0	0	0	0	1	0	-1	0	500	0	0	0	0	0	0	0	0	100	0	0	0	0	0	0	0	0	0
	279	Xabaras	83	4286 	177 	277 	0 	1 	0 	0	0	0	1700 	200 	0	0	0	0	0	0	0	0	0	1000	2000	400	0	0	0	0	200	250	300	2800	20	0	30	25	296	0	0	100	200015	200020	0	0	0	0	0	3	5	100	50	2	0	0	0	1	0	-1	0	500	0	0	0	0	0	0	0	0	110	0	0	0	0	0	0	0	0	0
	280	Donut	36	10000 	315 	465 	0 	0 	0 	0	0	0	1500 	0	0	0	0	0	0	0	0	0	0	900	1000	100	0	0	0	0	0	0	0	0	0	0	0	0	0	0	0	0	101001	0	0	0	0	0	0	6	0	0	0	0	0	0	0	2	0	-1	1	0	3	1	1	1	0	1	0	0	150	0	0	0	0	0	0	0	0	0
	281	Cruncher	1	1394 	152 	202 	0 	1 	0	0	0	0	1400 	200 	0	0	0	0	0	0	0	0	0	400	700	0	0	0	0	0	120	250	300	700	25	0	10	10	296	0	0	100	0	0	0	0	0	0	0	0	2	0	0	0	0	0	0	0	0	-1	0	0	0	0	0	0	0	0	0	0	100	0	0	0	0	0	0	0	0	0
	282	Dropped-Item	21	1 	1 	1 	0 	0 	0	0	0	0	1000 	0	0	0	0	0	0	0	0	0	0	0	0	0	0	0	0	0	0	0	0	0	0	0	0	0	0	0	0	0	0	0	0	0	0	0	0	0	0	0	0	0	0	0	0	0	0	-1	0	0	0	1	1	1	0	1	0	0	90	0	0	0	0	0	0	0	0	0
;	p_elite(09)																																																																															
;	#바우트 몬스터 스크립트(부분)																																																																															
;	2007/03/20*																																																																															
;	필드별 설명을 보고 싶으면 bt_몬스터AI.doc 문서를 보시오.																																																																															
;	"P_elite09 ""죽음의정글탈출"" 몬스터/보스 : 레벨 88"																																																																															
;	기본정보			기본난이도	l	0.5	d	15							기지전 전용						AI 구성 요소(소수 안됨)																																					몬스터속성																						
;	INDEX	이름	그림 index	Life	D1	D2	총알데미지	변신취급	회복%	회복타입	점령형	파워업	대변공	대변방	Life가중	D1가중	D2가중	총뎀가중	본진취급	성향	점프추적	AI	총알idx	감지시야	추격시야	걷기시야	추격y	추격-y	총쏨min	총쏨max	지상공격	걷점공격	달점공격	헬프시야	점공%	총쏨%	막기%	총막기%	막기시야	소심%	헬프요%	분노%	패턴1	패턴2	패턴3	패턴4	패턴5	특수결정	카운터	공격속성	도망확률	위기탈출	승룡권	난무필살	(예비)	(예비)	(예비)	클리핑	충돌	부활	파괴불가	무적시간	다운타입	방향전환	그림자	이름표	지형충돌	움직임	총쏨위선	렌더옵션	크기%	건물형	앞무적	앞오무적	오른무적	뒤오무적	뒤무적	뒤왼무적	왼무적	앞왼무적
	283	Shoveler	4	780 	148 	180 	0 	0 	0 	0 	0 	0 	1400 	200 	0	0	0	0	0	0	1	0	0	400	1000	1000	0	0	0	0	120	0	0	700	0	0	15	15	296	100	0	0	0	0	0	0	0	0	0	0	15	0	0	0	0	0	0	0	0	-1	0	0	0	0	0	0	0	0	0	1	130	0	0	0	0	0	0	0	0	0
	284	Mandragore	11	1659 	257 	323 	0 	1 	0	0	0	0	1500 	200 	0	0	0	0	0	0	0	0	0	400	900	400	0	0	0	0	150	0	0	2000	0	0	25	20	296	30	0	100	200030	200020	0	0	0	0	0	6	0	0	0	0	0	0	0	1	0	-1	0	0	0	0	0	0	0	0	0	1	130	0	0	0	0	0	0	0	0	0
	285	Sircam	7	961 	170 	192 	0	1	0	0	0	0	1400	200	0	0	0	0	0	0	1	0	0	500	700	400	0	0	0	0	120	250	300	700	30	0	20	15	296	0	0	100	0	0	0	0	0	0	0	0	15	0	0	1	0	0	0	0	0	-1	0	0	0	0	0	0	0	0	0	1	130	0	0	0	0	0	0	0	0	0
	286	Blackmal	37	699 	143 	213 	0	0	0	0	0	0	1400	200	0	0	0	0	0	0	1	0	0	250	500	1000	0	0	0	0	120	250	300	2000	30	0	25	15	296	0	0	0	0	0	0	0	0	0	100	0	0	0	0	0	0	0	0	0	0	-1	0	0	0	0	0	0	0	0	0	1	120	0	0	0	0	0	0	0	0	0
	287	Burn!-Burn!	45	10000 	466 	466 	0 	0 	0	0	0	0	1400 	0	0	0	0	0	0	0	0	0	0	0	0	0	0	0	0	0	0	0	0	0	0	0	0	0	0	0	0	0	0	0	0	0	0	0	0	0	0	0	0	0	0	0	0	1	1	-1	1	0	0	1	1	1	0	1	0	1	150	0	0	0	0	0	0	0	0	0
	288	Crane1	73	1 	424 	424 	0 	1 	0	0	0	0	1400 	200 	0	0	0	0	0	0	0	0	0	800	900	800	0	0	0	0	0	0	0	0	0	0	0	0	0	0	0	0	101009	0	0	0	0	0	0	4	0	0	0	0	0	0	0	3	0	-1	1	0	0	1	1	1	1	1	0	1	120	0	0	0	0	0	0	0	0	0
	289	Crane2	74	1 	424 	424 	0 	1 	0	0	0	0	1400 	200 	0	0	0	0	0	0	0	0	0	800	900	800	0	0	0	0	0	0	0	0	0	0	0	0	0	0	0	0	101009	0	0	0	0	0	0	4	0	0	0	0	0	0	0	3	0	-1	1	0	0	1	1	1	1	1	0	1	120	0	0	0	0	0	0	0	0	0
	290	Chainsaw	75	2117 	297 	343 	0 	1 	0	0	0	0	1400 	200 	0	0	0	0	0	0	0	0	0	300	400	500	0	0	0	0	500	0	0	0	0	0	0	0	0	0	0	0	101003	0	0	0	0	0	0	3	0	0	0	0	0	0	0	1	0	-1	0	0	3	1	1	1	1	1	0	1	100	0	0	0	0	0	0	0	0	0
	291	Elkern	42	212 	0 	0 	0 	0 	0	0	0	0	1000 	0	0	0	0	0	0	0	0	0	0	10000	12000	10000	0	0	0	0	0	0	0	0	0	0	0	0	0	0	0	0	0	0	0	0	0	0	0	0	30	0	0	0	0	0	0	0	0	-1	0	0	0	0	0	1	0	0	0	1	150	0	0	0	0	0	0	0	0	0
	292	Vandor	78	6621 	201 	275 	0	1	0	0	0	0	1500	200	0	0	0	0	0	0	1	0	0	1600	500	700	0	0	0	0	140	0	0	3000	0	0	25	30	296	0	0	100	100015	100020	100025	100030	0	0	0	1	25	0	0	0	0	0	0	0	0	-1	0	300	0	0	0	0	0	0	0	1	180	0	0	0	0	0	0	0	0	0
;	p_monai(100)																																																																															
;	#바우트 몬스터 스크립트(부분)																																																																															
;	2006/11/15*																																																																															
;	필드별 설명을 보고 싶으면 bt_몬스터AI.doc 문서를 보시오.																																																																															
;	p_monai_(elite10)																																																																															
;	#바우트 몬스터 스크립트(부분)																																																																															
;	2008/04/18*																																																																															
;	필드별 설명을 보고 싶으면 bt_몬스터AI.doc 문서를 보시오.																																																																															
;	"elite10 ""정의에혈투"" 몬스터/보스 : 레벨 98"																																																																															
;	기본정보			기본난이도	1	0.45	d	15							기지전 전용						AI 구성 요소(소수 안됨)																																					몬스터속성																						
;	INDEX	이름	그림 index	Life	D1	D2	총알데미지	변신취급	회복%	회복타입	점령형	파워업	대변공	대변방	Life가중	D1가중	D2가중	총뎀가중	본진취급	성향	점프추적	AI	총알idx	감지시야	추격시야	걷기시야	추격y	추격-y	총쏨min	총쏨max	지상공격	걷점공격	달점공격	헬프시야	점공%	총쏨%	막기%	총막기%	막기시야	소심%	헬프요%	분노%	패턴1	패턴2	패턴3	패턴4	패턴5	특수결정	카운터	공격속성	도망확률	위기탈출	승룡권	난무필살	(예비)	(예비)	(예비)	클리핑	충돌	부활	파괴불가	무적시간	다운타입	방향전환	그림자	이름표	지형충돌	움직임	총쏨위선	렌더옵션	크기%	건물형	앞무적	앞오무적	오른무적	뒤오무적	뒤무적	뒤왼무적	왼무적	앞왼무적
	293	Trojan-P	64	1133 	236 	276 	0 	0 	0	0	0	0	1600 	200 	0	0	0	0	0	0	0	0	0	800	1000	400	0	0	0	0	150	250	300	700	20	0	3	8	296	30	0	100	0	0	0	0	0	0	0	0	10	0	50	100	0	0	0	0	0	-1	0	0	0	0	0	0	0	0	0	1	100	0	0	0	0	0	0	0	0	0
	294	Sircam	7	1057 	196 	220 	0 	0 	0	0	0	0	1400 	200 	0	0	0	0	0	0	0	0	0	500	1000	400	0	0	0	0	120	250	300	700	5	0	20	20	296	0	0	100	0	0	0	0	0	0	0	0	10	0	0	1	0	0	0	0	0	-1	0	0	0	0	0	0	0	0	0	1	120	0	0	0	0	0	0	0	0	0
	295	Grade-A	40	1151 	318 	469 	0 	0 	0	0	0	0	1600 	200 	0	0	0	0	0	0	0	0	0	1000	3000	200	0	0	0	0	120	250	300	10000	0	0	25	20	296	0	0	0	0	200005	0	0	0	0	100	0	0	0	0	0	0	0	0	0	0	-1	0	0	0	0	0	0	0	0	0	1	110	0	0	0	0	0	0	0	0	0
	296	Kakworm	44	868 	56 	76 	240 	0 	0	0	0	0	1600 	200 	0	0	0	0	0	0	0	0	5	1000	0	1000	0	0	0	1300	100	250	300	0	0	100	30	20	296	100	0	0	0	0	0	0	0	0	0	2	0	0	0	0	0	0	0	1	0	-1	0	0	0	0	0	0	0	0	50	1	110	0	0	0	0	0	0	0	0	0
	297	Mandragore	11	1825 	295 	371 	0 	0 	0	0	0	0	1600 	200 	0	0	0	0	0	0	0	0	0	800	700	400	0	0	0	0	120	250	300	2800	0	0	25	20	296	30	0	100	200030	200020	0	0	0	0	0	6	20	0	0	0	0	0	0	1	0	-1	0	0	0	0	0	0	0	0	0	1	110	0	0	0	0	0	0	0	0	0
	298	Bubbleboy	3	2893 	303 	378 	0 	1 	0	0	0	0	1400 	200 	0	0	0	0	0	0	0	0	0	400	700	400	0	0	0	0	120	250	300	700	20	0	25	25	296	30	0	0	0	0	0	0	0	0	10	0	10	0	0	0	0	0	0	0	0	-1	0	0	0	0	0	0	0	0	0	1	120	0	0	0	0	0	0	0	0	0
	299	CodeRed	9	3103 	316 	361 	0 	1 	0	0	0	0	1600 	200 	0	0	0	0	0	0	0	0	0	650	700	400	0	0	0	0	120	250	300	0	0	0	20	25	296	0	0	100	200010	300018	0	0	0	3	60	1	0	100	0	0	0	0	0	0	0	-1	0	500	0	0	0	0	0	0	0	1	100	0	0	0	0	0	0	0	0	0
	400	Kowbat	24	3644 	276 	372 	0 	1 	0	0	0	0	1600 	200 	0	0	0	0	0	0	0	0	0	1000	3000	900	0	0	0	0	180	0	0	2800	0	0	25	20	296	0	50	100	200008	200018	200024	0	0	0	5	2	10	0	0	0	0	0	0	1	1	-1	0	500	0	0	0	0	0	0	0	1	100	0	0	0	0	0	0	0	0	0
	401	Xabaras	83	5099 	309 	451 	0 	1 	0 	0	0	0	1700 	200 	0	0	0	0	0	0	0	0	0	1000	2000	400	0	0	0	0	200	250	300	2800	30	0	30	30	296	0	0	100	200015	200020	0	0	0	0	0	3	5	100	50	2	0	0	0	1	1	-1	0	500	0	0	0	0	0	0	0	1	110	0	0	0	0	0	0	0	0	0
	402	Donut	36	10000 	660 	660 	0 	0 	0 	0	0	0	1500 	0	0	0	0	0	0	0	0	0	0	900	1000	100	0	0	0	0	0	0	0	0	0	0	0	0	0	0	0	0	101001	0	0	0	0	0	0	6	0	0	0	0	0	0	0	2	0	-1	1	0	3	1	1	1	0	1	0	0	150	0	0	0	0	0	0	0	0	0
;	"100""행성전용병"" 몬스터/보스"																																																																															
;	기본정보			기본난이도											기지전 전용						AI 구성 요소(소수 안됨)																																					몬스터속성																						
;	INDEX	이름	그림 index	Life	D1	D2	총알데미지	변신취급	회복%	회복타입	점령형	파워업	대변공	대변방	Life가중%	D1가중%	D2가중%	총뎀가중%	본진취급	성향	점프추적	AI	총알idx	감지시야	추격시야	걷기시야	추격y	추격-y	총쏨min	총쏨max	지상공격	걷점공격	달점공격	헬프시야	점공%	총쏨%	막기%	총막기%	막기시야	소심%	헬프요%	분노%	패턴1	패턴2	패턴3	패턴4	패턴5	특수결정	카운터%	공격속성	도망확률	위기탈출	승룡권	난무필살	(예비)	(예비)	(예비)	클리핑	충돌	부활	파괴불가	무적시간	다운타입	방향전환	그림자	이름표	지형충돌	움직임	총쏨위선	렌더옵션	크기%	건물형	앞무적	앞오무적	오른무적	뒤오무적	뒤무적	뒤왼무적	왼무적	앞왼무적
	801	Boza	59	1 	2 	3 	4 	0 	18	0	0	0	1200 	240	100	110	120	0	0	0	1	0	0	900	1050	250	390	0	0	0	70	250	300	0	10	0	5	1	296	30	0	0	0	0	0	0	0	0	0	0	0	0	0	0	0	0	0	0	0	-1	0	0	0	0	0	0	0	0	0	0	100	0	0	0	0	0	0	0	0	0
	802	Wazzu	60	1 	2 	3 	4 	0 	15	0	0	0	2500 	0	25	400	400	400	0	0	1	0	5	1100	1050	1000	30	30	0	850	900	0	0	0	0	100	5	1	296	100	0	0	0	0	0	0	0	0	0	0	0	0	0	0	0	0	0	0	0	-1	0	0	0	0	0	0	0	0	100	0	100	0	0	0	0	0	0	0	0	0
	803	Nimba	61	1 	2 	3 	4 	0	20 	0	0	0	1563 	375 	100	94	113	0	0	0	1	0	0	750	900	200	390	0	0	0	120	250	300	0	25	0	30	30	296	50	0	10	0	0	0	0	0	0	0	0	0	20	0	0	0	0	0	0	0	-1	0	100	0	0	0	0	0	0	0	0	90	0	0	0	0	0	0	0	0	0
	804	Scalper	62	1 	2 	3 	4 	0 	20	0	0	0	1000 	300 	70	150	170	0	0	0	1	0	0	900	1050	700	390	0	0	0	200	250	300	0	10	0	10	1	296	30	0	0	0	0	0	0	0	0	0	0	0	0	0	0	0	0	0	0	0	-1	0	0	0	0	0	0	0	0	0	0	100	0	0	0	0	0	0	0	0	0
	805	LaserSpear	63	1 	2 	3 	4 	1 	3	0	0	0	1000 	0 	70	30	30	45	0	0	0	0	9	800	0	500	0	0	0	800	100	250	300	0	0	100	0	0	296	100	0	0	100060	0	0	0	0	0	0	4	0	0	0	0	0	0	0	2	0	-1	0	250	3	0	0	0	1	1	30	0	100	0	0	0	0	0	0	0	0	0
	806	FirePresser	64	1 	2 	3 	4 	1 	3	0	0	0	1000 	0 	70	30	30	70	0	0	0	0	10	800	0	250	0	0	0	800	100	250	300	0	0	100	0	0	296	100	0	0	100060	0	0	0	0	0	0	4	0	0	0	0	0	0	0	2	0	-1	0	250	3	0	0	0	1	1	30	0	100	0	0	0	0	0	0	0	0	0
	807	NikeCannon	65	1 	2 	3 	4 	1 	3	0	0	0	1000 	0 	70	30	30	10	0	0	0	0	11	1200	0	1000	0	0	0	1100	100	250	300	0	0	100	0	0	296	100	0	0	0	0	0	0	0	0	0	4	0	0	0	0	0	0	0	2	0	-1	0	250	3	0	0	0	1	1	30	0	100	0	0	0	0	0	0	0	0	0
	808	OpsTeam	76	1 	2 	3 	4 	0	20 	0	0	0	1250 	300 	255	150	170	0	0	0	1	0	0	750	900	200	390	0	0	0	120	250	300	0	25	0	30	30	296	50	0	10	0	0	0	0	0	0	0	0	0	20	0	0	0	0	0	0	0	-1	0	125	0	0	0	0	0	0	0	3	90	0	0	0	0	0	0	0	0	0
	809	EchoForce	77	1 	2 	3 	4 	0	20 	0	0	0	1250 	300 	112	155	170	0	0	0	1	0	0	750	900	200	390	0	0	0	120	250	300	0	25	0	30	30	296	50	0	10	0	0	0	0	0	0	0	0	0	20	0	0	0	0	0	0	0	-1	0	100	0	0	0	0	0	0	0	0	120	0	0	0	0	0	0	0	0	0
	810	Shuriken	79	1 	2 	3 	4 	0	20 	0	0	0	5000 	500 	80	110	135	0	0	0	1	0	0	750	900	200	390	0	0	0	120	250	300	0	25	0	30	30	296	50	0	10	0	0	0	0	0	0	0	0	0	20	0	0	0	0	0	0	0	-1	0	100	0	0	0	0	0	0	0	0	90	0	0	0	0	0	0	0	0	0
	811	Arsenal	80	1 	2 	3 	4 	0 	20	0	0	0	1500 	100	60	100	90	288	0	0	1	0	4	600	750	200	30	30	0	700	800	0	0	0	0	100	20	20	296	50	0	10	0	0	0	0	0	0	0	0	0	0	0	0	0	0	0	0	0	-1	0	0	0	0	0	0	0	0	100	0	100	0	0	0	0	0	0	0	0	0
	812	Aeron	81	1 	2 	3 	4 	0	20 	0	0	0	1250 	300 	112	154	189	0	0	0	1	0	0	750	900	200	390	0	0	0	120	250	300	0	25	0	30	30	296	50	0	10	0	0	0	0	0	0	0	0	0	20	0	0	0	0	0	0	0	-1	0	100	0	0	0	0	0	0	0	0	90	0	0	0	0	0	0	0	0	0
	813	Grounder	82	1 	2 	3 	4 	0	20 	0	0	0	1250 	300 	112	131	157	0	0	0	1	0	0	750	900	200	390	0	0	0	120	250	300	0	25	0	30	30	296	50	0	10	0	0	0	0	0	0	0	0	0	20	0	0	0	0	0	0	0	-1	0	100	0	0	0	0	0	0	0	0	90	0	0	0	0	0	0	0	0	0
	814	Sharps	84	1 	2 	3 	4 	0 	25 	0	0	0	2600 	300 	110	110	132	0	0	0	1	0	0	600	1050	200	0	0	0	0	120	250	300	0	30	0	10	10	296	50	0	10	200005	0	0	0	0	2	30	2	0	20	0	0	0	0	0	0	0	-1	0	0	0	0	0	0	0	0	0	0	90	0	0	0	0	0	0	0	0	0
	815	Mega-Klez	85	1 	2 	3 	4 	0 	20 	0	0	0	1300 	300 	91	91	117	0	0	0	1	0	0	600	1050	200	0	0	0	0	120	250	300	0	10	0	10	10	296	0	0	30	100020	0	0	0	0	2	0	0	0	20	0	0	0	0	0	0	0	-1	0	0	0	0	0	0	0	0	0	0	80	0	0	0	0	0	0	0	0	0
	816	Crimson-Knight	86	1 	2 	3 	4 	0 	25 	0	0	0	1200 	400 	130	104	130	0	0	0	1	0	0	600	10000	1000	0	0	0	0	120	250	300	10000	15	0	90	1	296	0	0	0	0	0	0	0	0	0	100	0	0	0	0	0	0	0	0	0	0	-1	0	0	0	0	0	0	0	0	0	0	100	0	0	0	0	0	0	0	0	0
	817	Collector	87	1 	2 	3 	4 	0 	15 	0	0	0	3250 	300 	91	70	110	0	0	0	1	0	0	750	750	400	0	0	0	0	150	250	300	2800	10	0	20	30	296	0	0	100	200008	0	0	0	0	0	0	1	0	30	0	0	0	0	0	0	0	-1	0	300	0	0	0	0	0	0	0	0	90	0	0	0	0	0	0	0	0	0
	818	Barbarian	88	1 	2 	3 	4 	0 	15 	0	0	0	1300 	300 	160	100	140	0	0	0	1	0	0	750	750	400	0	0	0	0	140	200	250	5000	15	0	20	10	296	0	0	0	203007	0	0	0	0	0	0	0	0	0	0	0	0	0	0	0	0	-1	0	0	0	0	0	0	0	0	0	0	100	0	0	0	0	0	0	0	0	0
	819	스패셜솔저	90	1 	2 	3 	4 	0 	20 	0	0	0	1200 	300 	70	60	70	0	0	0	1	0	0	500	700	400	0	0	0	0	120	250	300	0	8	0	20	30	296	0	0	50	200007	0	0	0	0	0	0	0	0	30	0	0	0	0	0	0	0	-1	0	0	0	0	0	0	0	0	0	0	100	0	0	0	0	0	0	0	0	0
	820	태권보츠	91	1 	2 	3 	4 	0 	15 	0	0	0	1300 	300 	80	100	140	0	0	0	1	0	0	500	500	400	0	0	0	0	140	200	250	5000	15	0	20	10	296	0	0	0	103009	0	0	0	0	0	0	0	0	0	0	0	0	0	0	0	0	-1	0	0	0	0	0	0	0	0	0	0	100	0	0	0	0	0	0	0	0	0
	821	MiniTank	92	1 	2 	3 	4 	0 	15 	0	0	0	1100 	300 	75	90	105	0	0	0	1	0	0	750	1050	400	0	0	0	0	120	0	0	0	0	0	20	30	296	0	0	50	200008	200018	0	0	0	0	0	0	0	30	0	0	0	0	0	0	0	-1	0	0	0	0	0	0	0	0	0	0	100	0	0	0	0	0	0	0	0	0
	823	Bubbleboy	3	1 	2 	3 	4 	0 	15 	0	0	0	1500 	600 	150	140	150	1	0	0	1	0	0	600	1050	400	0	0	0	0	120	250	300	700	20	0	60	70	296	30	0	100	0	0	0	0	0	0	0	0	0	0	0	0	0	0	0	0	0	-1	0	0	0	0	0	0	0	0	0	0	110	0	0	0	0	0	0	0	0	0
	824	MechKitty	93	1 	2 	3 	4 	0 	15 	0	0	0	1500 	600 	750	600	700	0	0	0	1	0	0	400	700	400	0	0	0	0	120	250	300	700	20	0	60	70	296	30	0	100	0	0	0	0	0	0	0	0	0	0	0	0	0	0	0	0	0	-1	0	0	0	0	0	0	0	0	0	0	40	0	0	0	0	0	0	0	0	0
	825	Chernobyl	34	1 	2 	3 	4 	0 	8	0	0	0	1300 	50 	300	400	480	0	0	0	0	0	0	700	700	300	0	0	0	0	150	0	0	10000	0	0	60	30	296	0	80	100	0	6200020	0	4300014	0	0	30	1	0	0	0	0	0	0	0	1	0	-1	0	100	0	0	0	0	0	0	0	0	75	0	0	0	0	0	0	0	0	0
	826	EliteGanda	2	1 	2 	3 	4 	0 	0	0	0	0	1140 	400 	150	113	135	0	0	0	1	0	0	650	1200	400	0	0	0	0	140	250	300	2800	20	0	12	50	296	100	0	0	0	0	0	0	0	0	0	0	0	0	0	0	0	0	0	0	0	-1	0	0	0	0	0	0	0	0	0	0	120	0	0	0	0	0	0	0	0	0
	827	Ohka-Overseer	47	1 	2 	3 	4 	0 	0	0	0	0	1500 	500 	500	275	250	0	0	0	1	0	0	1000	1000	400	0	0	0	0	150	250	300	700	20	0	20	80	296	30	0	100	0	0	200011	0	400015	0	0	0	0	0	50	100	0	0	0	0	0	-1	0	0	0	0	0	0	0	0	0	0	100	0	0	0	0	0	0	0	0	0
	828	Mandragore	11	1 	2 	3 	4 	0 	0	0	0	0	1600 	300 	230	180	320	0	0	0	0	0	0	500	4000	170	0	0	0	0	150	250	300	2800	0	0	20	70	296	40	0	100	101007	201017	0	0	0	0	0	6	0	0	0	0	0	0	0	1	0	-1	0	300	0	0	0	0	0	0	0	0	100	0	0	0	0	0	0	0	0	0
	829	Super-Chernobyl	72	1 	2 	3 	4 	0 	8	0	0	0	1300 	200 	500	400	480	0	0	0	0	0	0	700	700	300	0	0	0	0	150	0	0	10000	0	0	60	30	296	0	80	100	0	6200016	0	4300010	0	0	30	1	0	0	0	0	0	0	0	1	0	-1	0	100	0	0	0	0	0	0	0	0	75	0	0	0	0	0	0	0	0	0
	850	Sircam	7	1 	2 	3 	4 	0 	0	0	0	0	1400 	200 	100	150	200	0	0	0	0	0	0	500	700	250	0	0	0	0	120	250	300	700	5	0	20	20	296	0	0	100	200012	0	0	0	0	0	0	0	0	0	0	1	0	0	0	0	0	-1	0	0	0	0	0	0	0	0	0	0	100	0	0	0	0	0	0	0	0	0
	851	Grade-Z	57	1 	2 	3 	4 	0 	0	0	0	0	1400 	250 	225	100	100	200	0	0	1	0	20	800	800	800	0	0	0	800	100	0	0	0	0	100	20	30	296	300	0	0	0	0	0	0	0	0	0	0	0	0	0	0	0	0	0	1	0	-1	0	0	0	0	0	0	0	0	50	0	100	0	0	0	0	0	0	0	0	0
	852	Xabaras	83	1 	2 	3 	4 	0 	0	0	0	0	1700 	200 	0	0	0	0	0	0	0	0	0	800	1000	400	0	0	0	0	200	250	300	2800	20	0	30	25	296	0	0	100	200008	300014	0	0	0	0	0	3	5	100	50	2	0	0	0	1	0	-1	0	500	0	0	0	0	0	0	0	0	100	0	0	0	0	0	0	0	0	0
	300	Cruncher	1	1907 	156 	187 	0 	0 	0	0	0	0	1300 	200 	0	0	0	0	0	0	0	0	0	400	700	0	0	0	0	0	120	250	300	700	25	0	10	10	296	0	0	100	0	0	0	0	0	0	0	0	5	0	0	0	0	0	0	0	0	-1	0	0	0	0	0	0	0	0	0	0	120	0	0	0	0	0	0	0	0	0
	301	Bugbear	10	8955 	325 	431 	0 	1 	0	0	0	0	1700 	400 	0	0	0	0	0	0	0	0	0	550	700	400	0	0	0	0	120	250	300	0	35	0	25	25	296	0	0	100	200020	200015	0	0	0	1	20	1	0	0	0	0	0	0	0	0	0	-1	0	500	0	0	0	0	0	0	0	0	120	0	0	0	0	0	0	0	0	0
	302	Wazzu	60	558 	26 	39 	751 	0 	0	0	0	0	1300 	200 	0	0	0	0	0	0	1	0	5	900	2500	1200	0	0	0	1000	100	250	300	0	0	100	15	15	296	100	0	0	0	0	0	0	0	0	0	0	0	0	0	0	0	0	0	1	0	-1	0	0	0	0	0	0	0	0	50	0	120	0	0	0	0	0	0	0	0	0
	303	Bubbleboy	3	6818 	255 	297 	0 	0 	0	0	0	0	1400 	200 	0	0	0	0	0	0	0	0	0	400	700	400	0	0	0	0	120	250	300	700	20	0	20	25	296	30	0	0	0	0	0	0	0	0	0	0	20	0	0	0	0	0	0	0	0	-1	0	0	0	0	0	0	0	0	0	0	110	0	0	0	0	0	0	0	0	0
	304	Mandragore	11	2356 	143 	199 	0 	0 	0	0	0	0	1500 	200 	0	0	0	0	0	0	0	0	0	800	700	400	0	0	0	0	120	250	300	2800	0	0	25	20	296	30	0	100	200030	200020	0	0	0	0	0	6	20	0	0	0	0	0	0	1	0	-1	0	0	0	0	0	0	0	0	0	0	130	0	0	0	0	0	0	0	0	0
	305	Sircam	7	2847 	217 	279 	0	1	0	0	0	0	1400	200	0	0	0	0	0	0	1	0	0	500	700	400	0	0	0	0	120	250	300	700	30	0	20	15	296	0	0	100	0	0	0	0	0	0	0	0	15	0	0	1	0	0	0	0	0	-1	0	0	0	0	0	0	0	0	0	0	130	0	0	0	0	0	0	0	0	0
	306	CorruptKhanZ	93	16914 	262 	313 	0 	1 	0	0	0	0	2200 	200 	0	0	0	0	0	0	1	0	0	400	10000	150	0	0	0	0	120	250	300	7000	20	0	30	30	296	30	0	0	0	0	0	0	0	0	0	0	8	0	0	0	0	0	0	0	0	-1	0	500	0	0	0	0	0	0	0	1	155	0	0	0	0	0	0	0	0	0
	307	Kakworm	44	1255 	26 	47 	394 	0 	0	0	0	0	1300 	200 	0	0	0	0	0	0	0	0	5	1000	0	1000	0	0	0	1300	100	250	300	0	0	100	0	0	0	100	0	0	0	0	0	0	0	0	0	2	10	0	0	0	0	0	0	1	0	-1	0	0	0	0	0	0	0	1	50	0	110	0	0	0	0	0	0	0	0	0
	308	Collector	87	5425 	265 	345 	620 	1 	15 	0	0	0	2200 	300 	60	70	110	0	0	0	1	0	0	800	700	400	0	0	0	0	150	250	300	2800	10	0	20	25	296	0	0	100	200004	0	0	0	0	0	0	1	0	30	0	0	0	0	0	0	0	-1	0	300	0	0	0	0	0	0	0	0	140	0	0	0	0	0	0	0	0	0
	310	Macho-Z	23	3578 	86 	132 	0 	1 	0	0	0	0	1500 	200 	0	0	0	0	0	0	0	0	0	800	400	400	0	0	0	0	140	0	0	2800	0	0	15	15	296	0	100	100	100015	100020	100025	100030	0	0	0	1	20	20	0	0	0	0	0	0	0	-1	0	0	0	0	0	0	0	0	0	0	115	0	0	0	0	0	0	0	0	0
	311	Kowbat	24	4183 	99 	138 	0 	1 	0	0	0	0	1450 	200 	0	0	0	0	0	0	0	0	0	8000	9000	900	0	0	0	0	180	0	0	2800	0	0	0	0	0	0	0	100	200012	200018	200024	0	0	0	0	2	0	0	0	0	0	0	0	1	0	-1	0	500	0	0	0	0	0	0	0	0	100	0	0	0	0	0	0	0	0	0
	312	ColdSniper	94	2982 	111 	166 	559 	0 	20	0	0	0	1200 	300	60	100	90	80	0	0	1	0	7	900	800	200	30	30	0	350	400	0	0	0	0	45	30	30	296	50	0	10	0	0	0	0	0	0	0	0	1	0	0	0	0	0	0	0	0	-1	0	0	0	0	0	0	0	0	100	0	110	0	0	0	0	0	0	0	0	0
	313	SnowBandit	95	2138 	250 	306 	0 	0 	0	0	0	0	1000 	200 	0	0	0	0	0	0	1	0	0	1000	700	100	0	0	0	0	80	250	300	2800	0	0	25	25	296	0	0	0	200006	100016	0	0	0	0	0	0	11	0	20	0	0	0	0	0	0	-1	0	0	0	0	0	0	0	0	0	0	85	0	0	0	0	0	0	0	0	0
	314	IceGolem	96	16266 	395 	543 	0 	1 	0	0	0	0	2000 	200 	0	0	0	0	0	0	1	0	0	1200	900	200	0	0	0	0	200	250	300	2800	0	0	30	30	296	70	100	10	2100011	100006	0	0	2200018	1	20	1	11	30	30	0	0	0	0	0	0	-1	0	500	0	0	0	0	0	0	0	0	160	0	0	0	0	0	0	0	0	0
	315	Melissa	15	10867 	246 	284 	0 	1 	0	0	0	0	1500	200	0	0	0	0	0	0	0	0	0	650	1000	400	0	0	0	0	200	250	300	995	5	0	35	15	296	0	0	100	200012	0	0	0	0	0	0	1	0	0	0	0	0	0	0	1	0	-1	0	300	0	0	0	0	0	0	0	0	110	0	0	0	0	0	0	0	0	0
	316	S-Shoveler	4	1931 	542 	680 	0 	0 	0	0	0	0	1000	200	0	0	0	0	0	0	0	0	0	400	900	400	0	0	0	0	150	250	300	895	0	0	25	20	296	0	0	0	0	0	0	0	0	0	0	0	0	0	0	0	0	0	0	0	0	-1	0	0	0	0	0	0	0	0	0	1	125	0	0	0	0	0	0	0	0	0
	317	FrostBat	97	400 	180 	215 	0 	0 	0	0	0	0	1350 	400 	0	0	0	0	0	0	0	0	0	1200	800	300	0	0	0	0	300	0	0	0	0	0	0	0	0	0	0	0	0	0	100004	0	0	1	0	0	11	0	0	2	0	0	0	0	1	-1	0	0	3	0	0	0	0	0	0	1	100	0	0	0	0	0	0	0	0	0
	318	Collector	87	7425 	265 	345 	620 	1 	15 	0	0	0	2200 	300 	60	70	110	0	0	0	1	0	0	800	700	400	0	0	0	0	150	250	300	2800	10	0	20	25	296	0	0	100	200004	0	0	0	0	0	0	1	0	30	0	0	0	0	0	0	0	-1	0	300	0	0	0	0	0	0	0	0	140	0	0	0	0	0	0	0	0	0
	319	CodeZero	98	15532 	1036 	1237 	0 	1 	0	0	0	0	1900 	200 	0	0	0	0	0	0	0	0	0	650	700	400	0	0	0	0	120	250	300	0	0	0	20	25	296	0	0	100	200010	300018	0	0	0	3	60	1	0	100	0	0	0	0	0	0	0	-1	0	500	0	0	0	0	0	0	0	0	145	0	0	0	0	0	0	0	0	0
	320	IceGolem	96	8586 	375 	516 	0 	1 	0	0	0	0	2600 	200 	0	0	0	0	0	0	1	0	0	1200	900	200	0	0	0	0	200	250	300	2800	0	0	30	30	296	70	100	10	2100011	100006	0	0	2200018	1	20	1	0	30	30	0	0	0	0	0	0	-1	0	500	0	0	0	0	0	0	0	0	130	0	0	0	0	0	0	0	0	0
	321	Carlos	20	9184 	329 	372 	0 	1 	0	0	0	0	1500 	200 	0	0	0	0	0	0	1	0	0	650	1000	400	0	0	0	0	200	250	300	995	50	0	30	20	296	0	0	100	3200015	0	0	0	0	2	100	1	0	0	0	0	0	0	0	1	0	-1	0	500	0	0	0	0	0	0	0	0	115	0	0	0	0	0	0	0	0	0
	1230	Collector	87	1 	2 	3 	4 	0 	12	0	0	0	3200 	200 	330	410	460	450	0	0	1	0	0	4000	4000	400	0	0	0	0	150	250	300	0	10	0	20	30	296	0	0	100	200004	0	0	0	0	0	0	1	0	30	0	0	0	0	0	0	0	-1	0	100	0	0	0	0	0	0	0	0	130	0	0	0	0	0	0	0	0	0
	1007	Carlos	20	1 	2 	3 	4 	1 	13	0	0	0	1500 	200 	820	350	370	0	1	0	0	0	0	4000	4000	400	0	0	0	0	200	250	300	995	10	0	60	40	296	60	0	100	3200016	0	0	0	0	2	100	1	16	0	0	0	0	0	0	1	0	-1	0	500	0	0	0	0	0	0	0	0	105	0	0	0	0	0	0	0	0	0
	1233	DigiDragon	99	1 	2 	3 	4 	0 	10	0	0	0	1800 	500 	450	550	750	0	0	0	1	0	0	4000	4000	400	4000	0	0	0	120	250	300	0	20	0	50	90	296	30	80	100	0	0	0	0	0	1	100	1	20	80	50	1	0	0	0	1	0	-1	0	500	0	0	0	0	0	0	0	0	110	0	0	0	0	0	0	0	0	0
	1232	Chernobyl	34	1 	2 	3 	4 	0 	8	0	0	0	1300 	200 	700	400	660	0	0	0	0	0	0	4000	4000	4000	0	0	0	0	150	0	0	10000	0	0	60	30	296	0	80	100	5100014	6200038	0	4300018	0	0	30	1	0	0	0	0	0	0	0	1	0	-1	0	100	0	0	0	0	0	0	0	0	100	0	0	0	0	0	0	0	0	0
	1237	Ganda	2	1 	2 	3 	4 	0 	10	0	0	0	1200 	200 	100	120	130	0	0	0	0	0	0	4000	4000	400	0	0	0	0	120	250	300	2800	20	0	30	45	296	30	0	0	0	0	0	0	0	0	0	0	15	0	0	0	0	0	0	0	0	-1	0	0	0	0	0	0	0	0	0	0	110	0	0	0	0	0	0	0	0	0
	1234	Slapper	0	1 	2 	3 	4 	0 	15	0	0	0	1200 	100 	100	110	120	0	0	0	0	0	0	4000	4000	400	0	0	0	0	120	250	300	700	20	0	65	30	296	30	0	0	0	0	0	0	0	0	0	0	0	0	0	0	0	0	0	0	0	-1	0	0	0	0	0	0	0	0	0	0	120	0	0	0	0	0	0	0	0	0
	1235	Sircam	7	1 	2 	3 	4	1	10	0	0	0	1600	200	170	150	180	0	0	0	1	0	0	4000	4000	400	0	0	0	0	120	250	300	0	30	0	40	30	296	0	0	100	0	0	0	0	0	0	0	0	15	0	0	1	0	0	0	0	0	-1	0	0	0	0	0	0	0	0	0	0	130	0	0	0	0	0	0	0	0	0
	1236	Kakworm	44	1 	2 	3 	4 	0 	10	0	0	0	1200 	145 	150	100	100	290	0	0	0	0	5	4000	4000	300	0	0	0	1300	100	250	300	4000	0	100	0	0	0	100	0	0	0	0	0	0	0	0	0	2	10	0	0	0	0	0	0	1	0	-1	0	0	0	0	1	0	0	0	50	0	110	0	0	0	0	0	0	0	0	0
	1238	Boza	59	1 	2 	3 	4 	0 	15	0	0	0	1500 	200	100	165	185	0	0	0	1	0	0	4000	4000	250	390	0	0	0	70	250	300	0	10	0	5	1	296	30	0	0	0	0	0	0	0	0	0	0	0	0	0	0	0	0	0	0	0	-1	0	0	0	0	0	0	0	0	0	0	100	0	0	0	0	0	0	0	0	0
	1239	Grade-A	40	1 	2 	3 	4 	0	15	0	0	0	1900 	200 	140	375	390	0	0	0	0	0	0	4000	4000	200	0	0	0	0	120	250	300	10000	0	0	50	30	296	0	0	0	0	200005	0	0	0	0	10	0	0	0	0	0	0	0	0	0	0	-1	0	0	0	0	0	0	0	0	0	0	120	0	0	0	0	0	0	0	0	0
	1240	Chernobyl	34	1 	2 	3 	4 	0 	8	0	0	0	1300 	200 	240	300	380	0	0	0	0	0	0	4000	4000	4000	0	0	0	0	150	0	0	10000	0	0	60	30	296	0	80	100	0	6210016	0	4310010	0	0	30	1	0	0	0	0	0	0	0	1	0	-1	0	100	0	0	0	0	0	0	0	0	100	0	0	0	0	0	0	0	0	0
	1242	Super-Chernobyl	72	1 	2 	3 	4 	0 	8	0	0	0	1300 	200 	240	300	380	0	0	0	0	0	0	4000	4000	4000	0	0	0	0	150	0	0	10000	0	0	60	30	296	0	80	100	0	6210016	0	4310010	0	0	30	1	0	0	0	0	0	0	0	1	0	-1	0	100	0	0	0	0	0	0	0	0	100	0	0	0	0	0	0	0	0	0
	322	CorruptedHound	27	2036 	96 	127 	0 	0 	0	0	0	0	1200 	200 	0	0	0	0	0	0	1	0	0	800	800	250	0	0	0	0	127	300	300	5800	25	0	10	0	0	0	0	0	100017	100028	0	0	0	0	0	0	0	0	0	0	0	0	0	0	0	-1	0	0	0	0	0	0	0	0	0	0	140	0	0	0	0	0	0	0	0	0
	323	CorruptedHound	46	2036 	96 	127 	0 	0 	0	0	0	0	1200 	200 	0	0	0	0	0	0	1	0	0	800	800	250	0	0	0	0	127	300	300	5800	25	0	10	0	0	0	0	0	100017	100028	0	0	0	0	0	0	0	0	0	0	0	0	0	0	0	-1	0	0	0	0	0	0	0	0	0	0	140	0	0	0	0	0	0	0	0	0
	324	GuardPup	27	306 	38 	65 	0 	0 	0	0	0	0	1000 	0 	0	0	0	0	0	0	1	0	0	800	800	250	0	0	0	0	127	300	300	5800	25	0	10	0	0	0	0	0	100017	100028	0	0	0	0	0	0	0	0	0	0	0	0	0	0	0	-1	0	0	0	0	0	0	0	0	0	0	70	0	0	0	0	0	0	0	0	0
	325	Guardpup	46	306 	38 	65 	0 	0 	0	0	0	0	1000 	0 	0	0	0	0	0	0	1	0	0	800	800	250	0	0	0	0	127	300	300	5800	25	0	10	0	0	0	0	0	100017	100028	0	0	0	0	0	0	0	0	0	0	0	0	0	0	0	-1	0	0	0	0	0	0	0	0	0	0	70	0	0	0	0	0	0	0	0	0
	326	StrayOhkaPup	27	1 	1 	1 	0 	0 	0	0	0	0	1000 	0 	0	0	0	0	0	0	1	0	0	0	0	0	0	0	0	0	0	300	300	5800	25	0	10	0	0	0	0	0	0	0	0	0	0	0	0	0	0	0	0	0	0	0	0	0	0	-1	0	0	0	0	0	0	0	1	0	0	50	0	0	0	0	0	0	0	0	0
	327	StrayOhkaPup	46	1 	1 	1 	0 	0 	0	0	0	0	1000 	0 	0	0	0	0	0	0	1	0	0	0	0	0	0	0	0	0	0	300	300	5800	25	0	10	0	0	0	0	0	0	0	0	0	0	0	0	0	0	0	0	0	0	0	0	0	0	-1	0	0	0	0	0	0	0	1	0	0	50	0	0	0	0	0	0	0	0	0
	830	[Lv1]OhkaPup	27	1 	2 	3 	4 	0 	0	0	0	0	1250 	180 	56	50	60	0	0	0	1	0	0	600	400	220	0	0	0	0	100	300	300	5800	25	0	10	0	0	0	0	0	100017	100028	0	0	0	0	0	0	0	0	0	0	0	0	0	0	0	-1	0	0	0	0	0	0	0	0	0	0	50	0	0	0	0	0	0	0	0	0
	831	[Lv2]OhkaPup	27	1 	2 	3 	4 	0 	0	0	0	0	1300 	260 	62	74	84	0	0	0	1	0	0	610	410	225	0	0	0	0	103	300	300	5800	25	0	10	0	0	0	0	0	100017	100028	0	0	0	0	0	0	0	0	0	0	0	0	0	0	0	-1	0	0	0	0	0	0	0	0	0	0	60	0	0	0	0	0	0	0	0	0
	832	[Lv3]OhkaPup	27	1 	2 	3 	4 	0 	0	0	0	0	1350 	340 	68	86	96	0	0	0	1	0	0	620	420	230	0	0	0	0	106	300	300	5800	25	0	10	0	0	0	0	0	100017	100028	0	0	0	0	0	0	0	0	0	0	0	0	0	0	0	-1	0	0	0	0	0	0	0	0	0	0	70	0	0	0	0	0	0	0	0	0
	833	[Lv4]OhkaHound	27	1 	2 	3 	4 	0 	0	0	0	0	1400 	420 	74	98	108	0	0	0	1	0	0	630	430	235	0	0	0	0	109	300	300	5800	25	0	10	0	0	0	0	0	100017	100028	0	0	0	0	0	0	0	0	0	0	0	0	0	0	0	-1	0	0	0	0	0	0	0	0	0	0	80	0	0	0	0	0	0	0	0	0
	834	[Lv5]OhkaHound	27	1 	2 	3 	4 	0 	0	0	0	0	1450 	500 	80	110	120	0	0	0	1	0	0	640	440	240	0	0	0	0	112	300	300	5800	25	0	10	0	0	0	0	0	100017	100028	0	0	0	0	0	0	0	0	0	0	0	0	0	0	0	-1	0	0	0	0	0	0	0	0	0	0	90	0	0	0	0	0	0	0	0	0
	835	[Lv6]OhkaHound	27	1 	2 	3 	4 	0 	0	0	0	0	1500 	580 	86	122	132	0	0	0	1	0	0	650	450	245	0	0	0	0	115	300	300	5800	25	0	10	0	0	0	0	0	100017	100028	0	0	0	0	0	0	0	0	0	0	0	0	0	0	0	-1	0	0	0	0	0	0	0	0	0	0	100	0	0	0	0	0	0	0	0	0
	836	[Lv7]OhkaHound	27	1 	2 	3 	4 	0 	0	0	0	0	1550 	660 	92	134	144	0	0	0	1	0	0	660	460	250	0	0	0	0	118	300	300	5800	25	0	10	0	0	0	0	0	100017	100028	0	0	0	0	0	0	0	0	0	0	0	0	0	0	0	-1	0	0	0	0	0	0	0	0	0	0	110	0	0	0	0	0	0	0	0	0
	837	[Lv8]OhkaHound	27	1 	2 	3 	4 	0 	0	0	0	0	1600 	740 	98	146	156	0	0	0	1	0	0	670	470	250	0	0	0	0	121	300	300	5800	25	0	10	0	0	0	0	0	100017	100028	0	0	0	0	0	0	0	0	0	0	0	0	0	0	0	-1	0	0	0	0	0	0	0	0	0	0	120	0	0	0	0	0	0	0	0	0
	838	[Lv9]OhkaHound	27	1 	2 	3 	4 	0 	0	0	0	0	1650 	820 	104	158	168	0	0	0	1	0	0	680	480	250	0	0	0	0	124	300	300	5800	25	0	10	0	0	0	0	0	100017	100028	0	0	0	0	0	0	0	0	0	0	0	0	0	0	0	-1	0	0	0	0	0	0	0	0	0	0	130	0	0	0	0	0	0	0	0	0
	839	[Lv10]OhkaWolf	27	1 	2 	3 	4 	0 	0	0	0	0	1700 	900 	110	170	180	0	0	0	1	0	0	700	500	250	0	0	0	0	127	300	300	5800	25	0	10	0	0	0	0	0	100017	100028	0	0	0	0	0	0	0	0	0	0	0	0	0	0	0	-1	0	0	0	0	0	0	0	0	0	0	140	0	0	0	0	0	0	0	0	0
	840	[Lv1]OhkaPup	46	1 	2 	3 	4 	0 	0	0	0	0	1250 	180 	56	50	60	0	0	0	1	0	0	600	400	220	0	0	0	0	100	300	300	5800	25	0	10	0	0	0	0	0	100017	100028	0	0	0	0	0	0	0	0	0	0	0	0	0	0	0	-1	0	0	0	0	0	0	0	0	0	0	50	0	0	0	0	0	0	0	0	0
	841	[Lv2]OhkaPup	46	1 	2 	3 	4 	0 	0	0	0	0	1300 	260 	62	74	84	0	0	0	1	0	0	610	410	225	0	0	0	0	103	300	300	5800	25	0	10	0	0	0	0	0	100017	100028	0	0	0	0	0	0	0	0	0	0	0	0	0	0	0	-1	0	0	0	0	0	0	0	0	0	0	60	0	0	0	0	0	0	0	0	0
	842	[Lv3]OhkaPup	46	1 	2 	3 	4 	0 	0	0	0	0	1350 	340 	68	86	96	0	0	0	1	0	0	620	420	230	0	0	0	0	106	300	300	5800	25	0	10	0	0	0	0	0	100017	100028	0	0	0	0	0	0	0	0	0	0	0	0	0	0	0	-1	0	0	0	0	0	0	0	0	0	0	70	0	0	0	0	0	0	0	0	0
	843	[Lv4]OhkaHound	46	1 	2 	3 	4 	0 	0	0	0	0	1400 	420 	74	98	108	0	0	0	1	0	0	630	430	235	0	0	0	0	109	300	300	5800	25	0	10	0	0	0	0	0	100017	100028	0	0	0	0	0	0	0	0	0	0	0	0	0	0	0	-1	0	0	0	0	0	0	0	0	0	0	80	0	0	0	0	0	0	0	0	0
	844	[Lv5]OhkaHound	46	1 	2 	3 	4 	0 	0	0	0	0	1450 	500 	80	110	120	0	0	0	1	0	0	640	440	240	0	0	0	0	112	300	300	5800	25	0	10	0	0	0	0	0	100017	100028	0	0	0	0	0	0	0	0	0	0	0	0	0	0	0	-1	0	0	0	0	0	0	0	0	0	0	90	0	0	0	0	0	0	0	0	0
	845	[Lv6]OhkaHound	46	1 	2 	3 	4 	0 	0	0	0	0	1500 	580 	86	122	132	0	0	0	1	0	0	650	450	245	0	0	0	0	115	300	300	5800	25	0	10	0	0	0	0	0	100017	100028	0	0	0	0	0	0	0	0	0	0	0	0	0	0	0	-1	0	0	0	0	0	0	0	0	0	0	100	0	0	0	0	0	0	0	0	0
	846	[Lv7]OhkaHound	46	1 	2 	3 	4 	0 	0	0	0	0	1550 	660 	92	134	144	0	0	0	1	0	0	660	460	250	0	0	0	0	118	300	300	5800	25	0	10	0	0	0	0	0	100017	100028	0	0	0	0	0	0	0	0	0	0	0	0	0	0	0	-1	0	0	0	0	0	0	0	0	0	0	110	0	0	0	0	0	0	0	0	0
	847	[Lv8]OhkaHound	46	1 	2 	3 	4 	0 	0	0	0	0	1600 	740 	98	146	156	0	0	0	1	0	0	670	470	250	0	0	0	0	121	300	300	5800	25	0	10	0	0	0	0	0	100017	100028	0	0	0	0	0	0	0	0	0	0	0	0	0	0	0	-1	0	0	0	0	0	0	0	0	0	0	120	0	0	0	0	0	0	0	0	0
	848	[Lv9]OhkaHound	46	1 	2 	3 	4 	0 	0	0	0	0	1650 	820 	104	158	168	0	0	0	1	0	0	680	480	250	0	0	0	0	124	300	300	5800	25	0	10	0	0	0	0	0	100017	100028	0	0	0	0	0	0	0	0	0	0	0	0	0	0	0	-1	0	0	0	0	0	0	0	0	0	0	130	0	0	0	0	0	0	0	0	0
	849	[Lv10]OhkaWolf	46	1 	2 	3 	4 	0 	0	0	0	0	1700 	900 	110	170	180	0	0	0	1	0	0	700	500	250	0	0	0	0	127	300	300	5800	25	0	10	0	0	0	0	0	100017	100028	0	0	0	0	0	0	0	0	0	0	0	0	0	0	0	-1	0	0	0	0	0	0	0	0	0	0	140	0	0	0	0	0	0	0	0	0
	1250	[Lv1]OhkaPup	27	1 	2 	3 	4 	0 	0	0	0	0	1250 	180 	56	50	60	0	0	0	1	0	0	600	400	220	0	0	0	0	100	300	300	5800	25	0	10	0	0	0	0	0	100017	100028	0	0	0	0	0	0	0	0	0	0	0	0	0	0	0	-1	0	0	0	0	0	0	0	0	0	0	50	0	0	0	0	0	0	0	0	0
	1251	[Lv2]OhkaPup	27	1 	2 	3 	4 	0 	0	0	0	0	1300 	260 	82	74	84	0	0	0	1	0	0	610	410	225	0	0	0	0	103	300	300	5800	25	0	10	0	0	0	0	0	100017	100028	0	0	0	0	0	0	0	0	0	0	0	0	0	0	0	-1	0	0	0	0	0	0	0	0	0	0	60	0	0	0	0	0	0	0	0	0
	1252	[Lv3]OhkaPup	27	1 	2 	3 	4 	0 	0	0	0	0	1350 	340 	108	86	96	0	0	0	1	0	0	620	420	230	0	0	0	0	106	300	300	5800	25	0	10	0	0	0	0	0	100017	100028	0	0	0	0	0	0	0	0	0	0	0	0	0	0	0	-1	0	0	0	0	0	0	0	0	0	0	70	0	0	0	0	0	0	0	0	0
	1253	[Lv4]OhkaHound	27	1 	2 	3 	4 	0 	0	0	0	0	1400 	420 	122	98	108	0	0	0	1	0	0	630	430	235	0	0	0	0	109	300	300	5800	25	0	10	0	0	0	0	0	100017	100028	0	0	0	0	0	0	0	0	0	0	0	0	0	0	0	-1	0	0	0	0	0	0	0	0	0	0	80	0	0	0	0	0	0	0	0	0
	1254	[Lv5]OhkaHound	27	1 	2 	3 	4 	0 	0	0	0	0	1450 	500 	140	110	120	0	0	0	1	0	0	640	440	240	0	0	0	0	112	300	300	5800	25	0	10	0	0	0	0	0	100017	100028	0	0	0	0	0	0	0	0	0	0	0	0	0	0	0	-1	0	0	0	0	0	0	0	0	0	0	90	0	0	0	0	0	0	0	0	0
	1255	[Lv6]OhkaHound	27	1 	2 	3 	4 	0 	0	0	0	0	1500 	160 	86	122	132	0	0	0	1	0	0	650	450	245	0	0	0	0	115	300	300	5800	25	0	10	0	0	0	0	0	100017	100028	0	0	0	0	0	0	0	0	0	0	0	0	0	0	0	-1	0	0	0	0	0	0	0	0	0	0	100	0	0	0	0	0	0	0	0	0
	1256	[Lv7]OhkaHound	27	1 	2 	3 	4 	0 	0	0	0	0	1550 	660 	180	134	144	0	0	0	1	0	0	660	460	250	0	0	0	0	118	300	300	5800	25	0	10	0	0	0	0	0	100017	100028	0	0	0	0	0	0	0	0	0	0	0	0	0	0	0	-1	0	0	0	0	0	0	0	0	0	0	110	0	0	0	0	0	0	0	0	0
	1257	[Lv8]OhkaHound	27	1 	2 	3 	4 	0 	0	0	0	0	1600 	740 	200	146	156	0	0	0	1	0	0	670	470	250	0	0	0	0	121	300	300	5800	25	0	10	0	0	0	0	0	100017	100028	0	0	0	0	0	0	0	0	0	0	0	0	0	0	0	-1	0	0	0	0	0	0	0	0	0	0	120	0	0	0	0	0	0	0	0	0
	1258	[Lv9]OhkaHound	27	1 	2 	3 	4 	0 	0	0	0	0	1650 	820 	220	158	168	0	0	0	1	0	0	680	480	250	0	0	0	0	124	300	300	5800	25	0	10	0	0	0	0	0	100017	100028	0	0	0	0	0	0	0	0	0	0	0	0	0	0	0	-1	0	0	0	0	0	0	0	0	0	0	130	0	0	0	0	0	0	0	0	0
	1259	[Lv10]OhkaWolf	27	1 	2 	3 	4 	0 	0	0	0	0	1700 	900 	110	240	180	0	0	0	1	0	0	700	500	250	0	0	0	0	127	300	300	5800	25	0	10	0	0	0	0	0	100017	100028	0	0	0	0	0	0	0	0	0	0	0	0	0	0	0	-1	0	0	0	0	0	0	0	0	0	0	140	0	0	0	0	0	0	0	0	0
	1260	[Lv1]OhkaPup	46	1 	2 	3 	4 	0 	0	0	0	0	1250 	180 	56	50	60	0	0	0	1	0	0	600	400	220	0	0	0	0	100	300	300	5800	25	0	10	0	0	0	0	0	100017	100028	0	0	0	0	0	0	0	0	0	0	0	0	0	0	0	-1	0	0	0	0	0	0	0	0	0	0	50	0	0	0	0	0	0	0	0	0
	1261	[Lv2]OhkaPup	46	1 	2 	3 	4 	0 	0	0	0	0	1300 	260 	82	74	84	0	0	0	1	0	0	610	410	225	0	0	0	0	103	300	300	5800	25	0	10	0	0	0	0	0	100017	100028	0	0	0	0	0	0	0	0	0	0	0	0	0	0	0	-1	0	0	0	0	0	0	0	0	0	0	60	0	0	0	0	0	0	0	0	0
	1262	[Lv3]OhkaPup	46	1 	2 	3 	4 	0 	0	0	0	0	1350 	340 	108	86	96	0	0	0	1	0	0	620	420	230	0	0	0	0	106	300	300	5800	25	0	10	0	0	0	0	0	100017	100028	0	0	0	0	0	0	0	0	0	0	0	0	0	0	0	-1	0	0	0	0	0	0	0	0	0	0	70	0	0	0	0	0	0	0	0	0
	1263	[Lv4]OhkaHound	46	1 	2 	3 	4 	0 	30	0	0	0	1400 	420 	122	98	108	0	0	0	1	0	0	630	430	235	0	0	0	0	109	300	300	5800	25	0	10	0	0	0	0	0	100017	100028	0	0	0	0	0	0	0	0	0	0	0	0	0	0	0	-1	0	0	0	0	0	0	0	0	0	0	80	0	0	0	0	0	0	0	0	0
	1264	[Lv5]OhkaHound	46	1 	2 	3 	4 	0 	0	0	0	0	1450 	500 	140	110	120	0	0	0	1	0	0	640	440	240	0	0	0	0	112	300	300	5800	25	0	10	0	0	0	0	0	100017	100028	0	0	0	0	0	0	0	0	0	0	0	0	0	0	0	-1	0	0	0	0	0	0	0	0	0	0	90	0	0	0	0	0	0	0	0	0
	1265	[Lv6]OhkaHound	46	1 	2 	3 	4 	0 	0	0	0	0	1500 	580 	160	122	132	0	0	0	1	0	0	650	450	245	0	0	0	0	115	300	300	5800	25	0	10	0	0	0	0	0	100017	100028	0	0	0	0	0	0	0	0	0	0	0	0	0	0	0	-1	0	0	0	0	0	0	0	0	0	0	100	0	0	0	0	0	0	0	0	0
	1266	[Lv7]OhkaHound	46	1 	2 	3 	4 	0 	0	0	0	0	1550 	660 	180	134	144	0	0	0	1	0	0	660	460	250	0	0	0	0	118	300	300	5800	25	0	10	0	0	0	0	0	100017	100028	0	0	0	0	0	0	0	0	0	0	0	0	0	0	0	-1	0	0	0	0	0	0	0	0	0	0	110	0	0	0	0	0	0	0	0	0
	1267	[Lv8]OhkaHound	46	1 	2 	3 	4 	0 	0	0	0	0	1600 	740 	200	146	156	0	0	0	1	0	0	670	470	250	0	0	0	0	121	300	300	5800	25	0	10	0	0	0	0	0	100017	100028	0	0	0	0	0	0	0	0	0	0	0	0	0	0	0	-1	0	0	0	0	0	0	0	0	0	0	120	0	0	0	0	0	0	0	0	0
	1268	[Lv9]OhkaHound	46	1 	2 	3 	4 	0 	0	0	0	0	1650 	820 	220	158	168	0	0	0	1	0	0	680	480	250	0	0	0	0	124	300	300	5800	25	0	10	0	0	0	0	0	100017	100028	0	0	0	0	0	0	0	0	0	0	0	0	0	0	0	-1	0	0	0	0	0	0	0	0	0	0	130	0	0	0	0	0	0	0	0	0
	1269	[Lv10]OhkaWolf	46	1 	2 	3 	4 	0 	0	0	0	0	1700 	900 	240	170	180	0	0	0	1	0	0	700	500	250	0	0	0	0	127	300	300	5800	25	0	10	0	0	0	0	0	100017	100028	0	0	0	0	0	0	0	0	0	0	0	0	0	0	0	-1	0	0	0	0	0	0	0	0	0	0	140	0	0	0	0	0	0	0	0	0
	1241	Nimba	61	1 	2 	3 	4 	0 	17	0	0	0	1500 	100	100	360	460	0	0	0	1	0	0	4000	4000	200	400	0	0	0	70	250	300	0	30	0	35	30	296	80	90	0	0	0	0	0	0	0	0	0	3	5	0	0	0	0	0	0	0	-1	0	0	0	0	0	0	0	0	0	0	100	0	0	0	0	0	0	0	0	0
	328	FrostPup	27	889 	216 	283 	0 	0 	0	0	0	0	2000 	150 	0	0	0	0	0	0	1	0	0	800	800	250	0	0	0	0	127	300	300	5800	25	0	10	0	0	0	0	0	100014	100020	0	0	0	0	0	0	0	0	0	0	0	0	0	0	0	-1	0	0	0	0	0	0	0	0	0	1	70	0	0	0	0	0	0	0	0	0
	329	FrostWolf	27	7375 	537 	613 	0 	1 	0	0	0	0	2310 	200 	0	0	0	0	0	0	1	0	0	800	800	250	0	0	0	0	127	300	300	5800	25	0	10	0	0	0	0	0	100017	100028	0	0	0	0	0	0	0	0	0	0	0	0	0	0	0	-1	0	0	0	0	0	0	0	0	0	1	150	0	0	0	0	0	0	0	0	0
	330	Collector	87	8003 	295 	375 	855 	1 	15 	0	0	0	2200 	300 	60	70	110	0	0	0	1	0	0	1200	1200	400	0	0	0	0	150	250	300	2800	10	0	20	25	296	80	50	100	200004	0	0	0	0	0	0	1	10	30	0	0	0	0	0	0	0	-1	0	300	0	0	0	0	0	0	0	0	140	0	0	0	0	0	0	0	0	0
	331	MegaBat	97	2296 	646 	732 	0 	1 	30	2	0	0	2000 	400 	0	0	0	0	0	0	0	0	0	1500	1000	300	0	0	0	0	300	0	0	2800	0	0	0	0	0	0	0	0	100004	0	0	0	0	0	0	0	11	0	0	0	0	0	0	0	1	-1	0	0	3	0	0	0	0	0	0	1	120	0	0	0	0	0	0	0	0	0
	332	CorruptGeneral	58	30605 	541 	672 	0 	1 	0	0	0	0	2400 	300 	0	0	0	0	0	0	1	0	0	700	500	250	0	0	0	0	127	300	300	5800	10	0	80	90	296	20	0	100	0	0	0	0	0	0	0	3	5	20	0	0	0	0	0	0	0	-1	0	0	0	0	0	0	0	0	0	1	150	0	0	0	0	0	0	0	0	0
	333	MiniTank	92	3855 	315 	421 	660 	0 	0 	0	0	0	1100 	400 	0	0	0	0	0	0	1	0	0	2500	2000	400	0	0	0	0	120	0	0	0	0	0	20	30	296	0	0	30	2000016	200016	0	0	0	0	0	0	0	30	0	0	0	0	0	0	0	-1	0	0	0	0	0	0	0	0	0	1	100	0	0	0	0	0	0	0	0	0
	334	MotherTank	92	10124 	524 	714 	601 	1 	0 	0	0	0	1100 	400 	0	0	0	0	0	0	1	0	0	2500	2000	400	0	0	0	0	160	0	0	0	0	0	20	30	296	0	0	30	2100021	2100030	0	0	0	0	0	0	0	30	0	0	0	0	0	0	0	-1	0	250	0	0	0	0	0	0	0	1	170	0	0	0	0	0	0	0	0	0
	335	CodeZero	98	8532 	832 	1024 	0 	1 	0	0	0	0	1900 	200 	0	0	0	0	0	0	0	0	0	650	700	400	0	0	0	0	120	250	300	0	0	0	20	25	296	0	0	100	200010	300018	0	0	0	3	60	1	0	100	0	0	0	0	0	0	0	-1	0	500	0	0	0	0	0	0	0	0	130	0	0	0	0	0	0	0	0	0
	336	Mandregon	11	19019 	545 	788 	0 	1 	0	0	0	0	1600 	250 	0	0	0	0	0	0	0	0	0	900	800	170	0	0	0	0	200	250	300	2800	0	0	25	20	296	40	0	100	210032	210008	0	0	0	0	0	6	9	70	0	0	0	0	0	1	0	-1	0	300	0	0	0	0	0	0	0	1	190	0	0	0	0	0	0	0	0	0
	337	CorruptKhanZ	93	26540 	483 	599 	0 	1 	0	0	0	0	2860 	150 	0	0	0	0	0	0	1	0	0	400	10000	150	0	0	0	0	120	250	300	7000	20	0	55	30	296	70	0	0	0	0	0	0	0	0	0	0	8	0	0	0	0	0	0	0	0	-1	0	500	0	0	0	0	0	0	0	1	155	0	0	0	0	0	0	0	0	0
	338	Arsenal	80	1340 	100 	150 	675 	0 	10	0	0	0	2500 	100	0	0	0	0	0	0	1	0	4	800	1000	400	30	30	0	700	700	0	0	0	0	100	5	1	296	25	0	0	0	0	0	0	0	0	0	0	0	0	0	0	0	0	0	0	0	-1	0	0	0	0	0	0	0	0	100	1	100	0	0	0	0	0	0	0	0	0
	339	Spinnydo	38	11476 	450 	514 	0 	0 	0	0	0	0	1000 	0	0	0	0	0	0	0	0	0	0	300	400	500	0	0	0	0	200	0	0	0	0	0	0	0	0	0	0	0	0	0	0	0	0	0	0	1	0	0	0	0	0	0	0	2	0	-1	0	0	0	1	0	1	1	1	0	1	185	0	0	0	0	0	0	0	0	0
	340	EliteBandit	95	6650 	317 	386 	0 	0 	0	0	0	0	1700 	250 	0	0	0	0	0	0	1	0	0	1000	800	130	0	0	0	0	100	250	300	2800	0	0	40	30	296	0	0	0	200009	100016	0	0	0	0	0	3	11	0	20	0	0	0	0	0	0	-1	0	0	0	0	0	0	0	0	0	1	135	0	0	0	0	0	0	0	0	0
	341	Donut-A	36	10000 	2215 	2327 	0 	0 	0	0	0	0	1000 	0	0	0	0	0	0	0	0	0	0	900	1000	100	0	0	0	0	0	0	0	0	0	0	0	0	0	0	0	0	101001	0	0	0	0	0	0	6	0	0	0	0	0	0	0	2	1	-1	1	0	3	1	1	1	1	1	0	0	100	0	0	0	0	0	0	0	0	0
	342	Elkern	43	3933 	0 	0 	0 	1 	0	0	0	0	1000 	0	0	0	0	0	0	0	0	0	0	10000	12000	10000	0	0	0	0	0	0	0	0	0	0	0	25	296	0	0	0	0	0	0	0	0	0	0	0	50	0	0	0	0	0	0	0	0	-1	0	0	0	0	0	0	0	0	0	0	100	0	0	0	0	0	0	0	0	0
	343	Reaper	63	4640 	961 	1205 	0 	1 	0	0	0	0	2200	400	0	0	0	0	0	0	0	0	0	850	1200	400	0	0	0	0	200	250	300	995	35	0	20	15	296	0	0	100	3300010	0	0	0	0	1	45	1	0	0	0	0	0	0	0	0	0	-1	0	300	0	0	0	0	0	0	0	0	115	0	0	0	0	0	0	0	0	0
	344	Blackmal	37	372 	1401 	2136 	0 	0 	0	0	0	0	2200 	250 	0	0	0	0	0	0	0	0	0	10000	10000	200	0	0	0	0	120	250	300	10000	0	0	10	40	296	0	0	0	0	0	0	0	0	0	10	0	0	0	0	0	0	0	0	0	0	-1	0	0	0	0	0	0	0	0	0	1	110	0	0	0	0	0	0	0	0	0
	345	Arsenal	80	405 	100 	150 	2529 	0 	10	0	0	0	2500 	400	0	0	0	0	0	0	1	0	4	1800	2000	400	30	30	0	1000	1000	0	0	0	0	100	5	0	296	25	0	0	0	0	0	0	0	0	0	0	0	0	0	0	0	0	0	0	0	-1	0	0	0	0	0	0	0	0	100	1	100	0	0	0	0	0	0	0	0	0
	346	Sharps	84	453 	1925 	2120 	100 	0 	25 	0	0	0	2300 	350 	100	100	120	0	0	0	1	0	0	1000	1700	200	0	0	0	0	120	250	300	0	30	0	10	60	296	50	0	10	100005	0	0	0	0	2	30	2	0	20	0	0	0	0	0	0	0	-1	0	0	0	0	0	0	0	0	0	1	110	0	0	0	0	0	0	0	0	0
	347	Collector	87	1335 	1995 	2575 	3855 	1 	15 	0	0	0	2000 	400 	60	70	110	0	0	0	1	0	0	1200	1200	400	0	0	0	0	150	250	300	2800	10	0	10	65	296	80	50	100	200004	0	0	0	0	0	0	1	10	30	0	0	0	0	0	0	0	-1	0	300	0	0	0	0	0	0	0	1	140	0	0	0	0	0	0	0	0	0
	348	Xabaras	83	2670 	2262 	2871 	0 	1 	0 	0	0	0	1900 	300 	0	0	0	0	0	0	0	0	0	2000	2500	400	0	0	0	0	150	250	300	2800	30	30	20	70	296	0	0	100	5100015	5100010	0	0	0	1	100	0	0	70	50	50	0	0	0	1	0	-1	0	500	0	0	0	0	0	0	0	1	130	0	0	0	0	0	0	0	0	0
	349	Cruncher	1	484 	1856 	2787 	0 	1 	0	0	0	0	1700 	200 	0	0	0	0	0	0	0	0	0	600	1000	50	0	0	0	0	120	250	300	700	25	0	5	40	296	0	0	100	0	0	0	0	0	0	0	0	5	0	0	0	0	0	0	0	0	-1	0	0	0	0	0	0	0	0	0	1	120	0	0	0	0	0	0	0	0	0
	350	Wazzu	60	343 	26 	39 	3251 	0 	0	0	0	0	1300 	250 	0	0	0	0	0	0	1	0	5	900	2500	1200	0	0	0	1000	100	250	300	0	0	100	3	15	296	100	0	0	0	0	0	0	0	0	0	0	0	0	0	0	0	0	0	1	0	-1	0	0	0	0	0	0	0	0	50	1	120	0	0	0	0	0	0	0	0	0
	351	Kakworm	44	379 	26 	47 	2694 	0 	0	0	0	0	1300 	250 	0	0	0	0	0	0	0	0	13	1000	1000	1000	0	0	0	1000	100	250	300	0	0	100	0	0	0	100	0	0	0	0	0	0	0	0	0	2	10	0	0	0	0	0	0	1	0	-1	0	0	0	0	0	0	0	0	50	1	110	0	0	0	0	0	0	0	0	0
	352	Michelangelo	22	1 	3572 	3916 	0 	1 	0	0	0	0	3000 	0	0	0	0	0	0	0	0	0	0	800	900	800	0	0	0	0	0	0	0	0	0	0	0	0	0	0	0	0	101003	0	0	0	0	0	0	4	0	0	0	0	0	0	0	3	0	-1	1	0	0	1	1	1	1	1	0	1	100	0	0	0	0	0	0	0	0	0
	353	Shuriken	79	294 	3466 	4003 	4	0	10	0	0	0	1600	300	0	0	0	0	0	0	1	0	0	4000	4000	600	1390	0	0	0	100	250	300	4000	10	0	5	75	296	100	0	0	0	0	0	0	0	0	0	0	0	0	0	0	0	0	0	0	0	-1	0	100	0	0	0	0	0	0	0	1	100	0	0	0	0	0	0	0	0	0
	354	Bubbleboy	3	2951 	3555 	5297 	0 	1 	0	0	0	0	2000 	350 	0	0	0	0	0	0	0	0	0	800	1000	400	0	0	0	0	150	250	300	700	20	0	20	80	296	30	0	100	0	0	0	0	0	0	0	0	10	0	0	0	0	0	0	0	0	-1	0	0	0	0	0	0	0	0	0	1	150	0	0	0	0	0	0	0	0	0
	355	Nimba	61	313 	2412 	2615 	0 	0 	0	0	0	0	2000 	150	0	0	0	0	0	0	1	0	0	900	800	320	0	0	0	0	120	250	200	2800	20	0	3	35	296	0	0	0	0	0	0	0	0	0	0	0	5	0	0	0	0	0	0	0	0	-1	0	0	0	0	0	0	0	0	0	1	115	0	0	0	0	0	0	0	0	0
	356	Scalper	12	1061 	2925 	4270 	0 	1 	0	0	0	0	1750 	350 	0	0	0	0	0	0	1	0	0	900	800	300	0	0	0	0	120	250	300	2800	20	0	5	75	296	30	0	100	0	0	0	0	0	0	0	1	5	0	0	0	0	0	0	0	0	-1	0	0	0	0	0	0	0	0	0	1	110	0	0	0	0	0	0	0	0	0
	357	Mandregore	11	1362 	3678 	5191 	0 	1 	0	0	0	0	1800 	350 	0	0	0	0	0	0	0	0	0	900	800	170	0	0	0	0	200	250	300	2800	0	0	10	70	296	40	0	100	200032	200018	0	0	0	0	0	6	9	70	0	0	0	0	0	1	0	-1	0	300	0	0	0	0	0	0	0	1	190	0	0	0	0	0	0	0	0	0
	358	Love-Bug	15	1843 	3882 	4440 	0 	1 	0	0	0	0	2200 	300 	0	0	0	0	0	0	0	0	0	1000	900	350	0	0	0	0	200	250	300	2800	5	0	10	55	296	0	0	100	200010	0	0	0	0	0	0	1	5	5	0	0	0	0	0	1	0	-1	0	500	0	0	0	0	0	0	0	1	130	0	0	0	0	0	0	0	0	0
	359	Kowbat	24	2712 	2850 	4522 	0	1	0	0	0	0	2100	250	0	0	0	0	0	0	0	0	0	900	800	700	0	0	0	0	180	0	0	800	0	0	20	70	296	0	50	100	200009	200018	100012	0	0	0	10	2	10	0	0	0	0	0	0	1	0	-1	0	500	0	0	0	0	0	0	0	0	150	0	0	0	0	0	0	0	0	0
	360	StrikeCache	21	1 	1 	1 	0 	0 	0	0	0	0	1000 	0	0	0	0	0	0	0	0	0	0	0	0	0	0	0	0	0	0	0	0	0	0	0	0	0	0	0	0	0	0	0	0	0	0	0	0	0	0	0	0	0	0	0	0	0	0	-1	0	0	0	1	1	1	0	1	0	1	150	0	0	0	0	0	0	0	0	0
	361	Bugbear	10	1113 	2257 	3018 	0 	1 	0	0	0	0	1900 	400 	0	0	0	0	0	0	0	0	0	550	700	400	0	0	0	0	120	250	300	0	35	0	7	85	296	0	0	100	200020	200006	0	0	0	1	20	1	0	0	0	0	0	0	0	0	0	-1	0	500	0	0	0	0	0	0	0	1	120	0	0	0	0	0	0	0	0	0
	362	CodeRed	9	1113 	3225 	4311 	0 	1 	0	0	0	0	1900 	400 	0	0	0	0	0	0	0	0	0	2650	2700	900	0	0	0	0	120	250	300	0	0	0	7	85	296	0	0	100	200004	300018	0	0	0	3	60	1	0	100	0	0	0	0	0	0	0	-1	0	500	0	0	0	0	0	0	0	1	120	0	0	0	0	0	0	0	0	0
	363	Blaster	8	1113 	3225 	4311 	0 	1 	0	0	0	0	1900 	400 	0	0	0	0	0	0	0	0	0	500	500	400	0	0	0	0	200	250	300	2800	35	0	9	85	296	0	0	100	200011	0	0	0	200007	1	100	1	10	0	0	0	0	0	0	0	0	-1	0	500	0	0	0	0	0	0	0	1	130	0	0	0	0	0	0	0	0	0
	364	Mandregon	11	1982 	4180 	5901 	0 	1 	0	0	0	0	1700 	350 	0	0	0	0	0	0	0	0	0	900	800	170	0	0	0	0	200	250	300	2800	0	0	20	70	296	40	0	100	210032	110008	0	0	0	0	0	6	9	70	0	0	0	0	0	1	0	-1	0	300	0	0	0	0	0	0	0	1	190	0	0	0	0	0	0	0	0	0
	365	Kowbat	24	1085 	1850 	2258 	0	1	0	0	0	0	2200	350	0	0	0	0	0	0	0	0	0	900	800	700	0	0	0	0	110	0	0	800	0	0	10	70	296	0	50	100	200006	200013	200010	0	0	0	10	2	10	0	0	0	0	0	0	1	0	-1	0	500	0	0	0	0	0	0	0	1	85	0	0	0	0	0	0	0	0	0
	366	Boza	59	273 	1520 	2280 	0 	0 	0	0	0	0	1700 	300 	0	0	0	0	0	0	1	0	0	500	450	300	0	0	0	0	120	250	200	2800	0	0	5	30	296	0	0	0	0	0	0	0	0	0	0	0	0	0	0	0	0	0	0	0	0	-1	0	0	0	0	0	0	0	0	0	1	115	0	0	0	0	0	0	0	0	0
	367	EliteGanda	2	889 	2293 	2432 	0 	0 	0	0	0	0	1900 	550 	0	0	0	0	0	0	0	0	0	650	1200	400	0	0	0	0	140	250	300	2800	20	0	12	50	296	30	0	0	0	0	0	0	0	0	0	0	15	0	0	0	0	0	0	0	0	-1	0	0	0	0	0	0	0	0	0	3	170	0	0	0	0	0	0	0	0	0
	368	Sircam	7	448 	1217 	2279 	0	1	0	0	0	0	1700	300	0	0	0	0	0	0	1	0	0	500	700	400	0	0	0	0	120	250	300	700	30	0	5	65	296	0	0	100	0	0	0	0	0	0	0	0	15	0	0	1	0	0	0	0	0	-1	0	0	0	0	0	0	0	0	0	1	130	0	0	0	0	0	0	0	0	0
	369	Reaper	63	1113 	2961 	3205 	0 	1 	0	0	0	0	2300	600	0	0	0	0	0	0	0	0	0	850	1200	400	0	0	0	0	200	250	300	995	35	0	7	85	296	0	0	100	330005	0	0	0	0	1	45	1	0	0	0	0	0	0	0	0	0	-1	0	300	0	0	0	0	0	0	0	1	115	0	0	0	0	0	0	0	0	0
	370	IceNimba	18	2222 	142 	215 	0 	1 	0	0	0	0	1600 	200	0	0	0	0	0	0	1	0	0	900	800	320	0	0	0	0	120	250	200	2800	20	0	3	35	296	0	0	0	0	0	0	0	0	0	0	0	5	0	0	0	0	0	0	0	0	-1	0	250	0	0	0	0	0	0	0	0	195	0	0	0	0	0	0	0	0	0
	371	BossBandit	95	2250 	187 	246 	0 	1 	0	0	0	0	1600 	200 	0	0	0	0	0	0	1	0	0	1000	700	100	0	0	0	0	120	250	300	2800	0	0	25	25	296	0	0	0	200006	100016	0	0	0	0	0	0	11	0	20	0	0	0	0	0	0	-1	0	250	0	0	0	0	0	0	0	0	155	0	0	0	0	0	0	0	0	0
	372	Tank	92	1055 	112 	204 	501 	1 	0 	0	0	0	1500 	400 	0	0	0	0	0	0	1	0	0	2500	2000	400	0	0	0	0	160	0	0	0	0	0	20	30	296	0	0	30	2100011	2100020	0	0	0	0	0	0	0	30	0	0	0	0	0	0	0	-1	0	250	0	0	0	0	0	0	0	0	135	0	0	0	0	0	0	0	0	0
	373	FrostWolf	27	536 	96 	127 	0 	0 	0	0	0	0	2100 	200 	0	0	0	0	0	0	1	0	0	800	800	250	0	0	0	0	127	300	300	5800	25	0	10	0	0	0	0	0	200012	200019	0	0	0	0	0	0	0	0	0	0	0	0	0	0	0	-1	0	0	0	0	0	0	0	0	0	1	120	0	0	0	0	0	0	0	0	0
	374	FrostBat	97	120 	120 	151 	0 	0 	0	0	0	0	1450 	200 	0	0	0	0	0	0	0	0	0	1200	800	300	0	0	0	0	300	0	0	0	0	0	0	0	0	0	0	0	2200014	5100010	100004	0	0	1	0	0	11	0	0	2	0	0	0	0	1	-1	0	0	3	0	0	0	0	0	0	1	100	0	0	0	0	0	0	0	0	0
	375	SnowBandit	95	395 	97 	126 	0 	0 	0	0	0	0	1500 	200 	0	0	0	0	0	0	1	0	0	1000	700	100	0	0	0	0	120	250	300	2800	0	0	25	25	296	0	0	0	200006	100012	0	0	0	0	0	0	11	0	20	0	0	0	0	0	0	-1	0	0	0	0	0	0	0	0	0	0	105	0	0	0	0	0	0	0	0	0
	376	EliteGanda	2	492 	103 	152 	0 	0 	0	0	0	0	1400 	200 	0	0	0	0	0	0	0	0	0	500	1000	400	0	0	0	0	120	250	300	2800	20	0	15	20	296	30	0	0	0	0	0	0	0	0	0	0	15	0	0	0	0	0	0	0	0	-1	0	0	0	0	0	0	0	0	0	1	140	0	0	0	0	0	0	0	0	0
	377	CorruptKhanZ	93	1843 	3882 	4440 	0 	1 	0	0	0	0	2860 	150 	0	0	0	0	0	0	1	0	0	400	10000	150	0	0	0	0	120	250	300	7000	20	0	55	30	296	70	0	0	0	0	0	0	0	0	0	0	8	0	0	0	0	0	0	0	0	-1	0	250	0	0	0	0	0	0	0	1	115	0	0	0	0	0	0	0	0	0
	378	OpsTitan	76	7953 	4955 	5460 	0 	1	0 	0	0	0	2250 	450 	0	0	0	0	0	0	1	0	0	1000	1100	230	390	0	0	0	140	250	300	0	0	0	30	30	296	50	0	30	0	0	0	0	0	0	0	0	0	5	0	0	0	0	0	0	0	-1	0	100	0	0	0	0	0	0	0	1	200	0	0	0	0	0	0	0	0	0
	379	Bit-Blaster	52	1410 	252 	252 	2542 	0 	0	0	0	0	1700 	200 	0	0	0	0	0	0	0	0	8	1500	0	1000	0	0	0	1000	100	250	300	0	0	100	5	0	296	100	0	0	0	0	0	0	0	0	0	2	0	0	0	0	0	0	0	1	0	-1	0	500	3	0	0	1	0	1	30	1	130	1	0	0	0	0	0	0	0	0
	380	Bit-Blaster	52	1410 	252 	252 	5542 	0 	0	0	0	0	1700 	200 	0	0	0	0	0	0	0	0	18	1500	0	1000	0	0	0	1000	100	250	300	0	0	100	5	0	296	100	0	0	0	0	0	0	0	0	0	2	0	0	0	0	0	0	0	1	0	-1	1	500	3	0	0	1	0	1	30	1	140	1	0	0	0	0	0	0	0	0
	381	Barbarian	88	2052 	2605 	3282 	0 	1 	0 	0	0	0	2300 	300 	0	0	0	0	0	0	1	0	0	1000	1000	400	0	0	0	0	120	200	250	5000	15	0	10	10	296	0	0	0	103004	0	0	0	0	0	0	0	0	0	0	0	0	0	0	0	0	-1	0	0	0	0	0	0	0	0	0	1	120	0	0	0	0	0	0	0	0	0
	382	ChernoTitan	34	4346 	4200 	5666 	0 	1 	0	0	0	0	1500 	100 	0	0	0	0	0	0	0	0	0	1000	1000	1000	0	0	0	0	150	0	0	10000	0	0	60	30	296	0	80	100	5100014	6200038	0	4300024	0	0	30	1	0	0	0	0	0	0	0	1	0	-1	0	100	0	0	0	0	0	0	0	1	145	0	0	0	0	0	0	0	0	0
	383	TankBot	18	1389 	895 	1074 	1992 	0 	0	0	0	0	1300 	250 	0	0	0	0	0	0	0	0	16	600	1200	200	0	0	0	800	0	0	0	500	0	100	0	0	296	100	0	0	0	0	0	0	0	0	0	2	0	0	0	0	0	0	0	1	0	-1	0	500	3	0	1	0	0	0	30	0	125	0	0	0	0	0	0	0	0	0
	384	Black-Stone	41	776 	780 	849 	0 	0 	0	0	0	0	1400 	400 	0	0	0	0	0	0	0	0	0	800	1000	300	0	0	0	0	100	0	0	0	0	0	0	0	0	0	0	0	0	0	0	0	0	0	0	3	0	0	0	0	0	0	0	0	0	-1	0	0	3	0	0	0	0	0	0	0	135	0	0	0	0	0	0	0	0	0
	385	Merill-II	50	4432 	1347 	1467 	0 	1 	0	0	0	0	1500 	500 	0	0	0	0	0	0	1	0	0	400	6000	400	0	0	0	0	200	250	300	800	5	0	40	40	296	0	0	100	300010	300017	0	0	0	0	100	1	0	3	100	100	0	0	0	1	0	-1	0	500	0	0	0	0	0	0	0	3	110	0	0	0	0	0	0	0	0	0
	386	OpSteam	76	13255 	4955 	5460 	0 	0	0 	0	0	0	2250 	450 	0	0	0	0	0	0	1	0	0	2000	2000	230	390	0	0	0	140	250	300	0	0	0	30	30	296	50	0	30	0	0	0	0	0	0	0	0	0	5	0	0	0	0	0	0	0	-1	1	0	0	0	0	1	0	0	0	3	200	0	0	0	0	0	0	0	0	0
	387	Nyxem	31	2218 	1949 	2392 	0 	1 	0	0	0	0	2000 	350 	0	0	0	0	0	0	0	0	0	4000	700	400	0	0	0	0	150	250	300	700	20	0	20	80	296	30	0	100	0	0	0	0	0	0	0	0	10	0	50	100	0	0	0	0	0	-1	0	0	0	0	0	0	0	0	0	3	150	0	0	0	0	0	0	0	0	0
	388	Stuxnet	32	2049 	604 	1430 	0 	1 	0	0	0	0	1700 	400 	0	0	0	0	0	0	0	0	0	400	600	300	0	0	0	0	100	250	300	700	20	0	5	15	296	30	0	0	0	0	0	0	0	0	0	0	5	0	0	0	0	0	0	0	0	-1	0	0	0	0	0	0	0	0	0	3	130	0	0	0	0	0	0	0	0	0
	389	Flamewing	97	2820 	1868 	1915 	0 	1 	0	0	0	0	1450 	200 	0	0	0	0	0	0	0	0	0	400	600	300	0	0	0	0	300	0	0	0	0	0	0	0	0	0	0	0	2200010	5200006	200004	0	0	1	0	0	0	0	0	2	0	0	0	0	1	-1	0	0	3	0	0	0	0	0	0	0	140	0	0	0	0	0	0	0	0	0
	390	Mandregon	11	17086 	3339 	4058 	0 	1 	0	0	0	0	2200 	350 	0	0	0	0	0	0	0	0	0	600	200	200	0	0	0	0	200	250	300	2800	0	0	0	0	0	40	0	100	320010	220004	0	0	0	0	0	6	0	0	0	0	0	0	0	1	0	-1	0	0	0	0	0	0	0	0	0	3	170	0	0	0	0	0	0	0	0	0
	391	Scalper	12	1530 	1654 	1973 	0 	0 	0	0	0	0	1500 	200 	0	0	0	0	0	0	1	0	0	400	600	400	0	0	0	0	120	250	300	2800	20	0	15	15	296	30	0	100	0	0	0	0	0	0	0	1	20	0	0	0	0	0	0	0	0	-1	0	0	0	0	0	0	0	0	0	3	125	0	0	0	0	0	0	0	0	0
	392	Sharps	84	1044 	1350 	1509 	100 	0 	0 	0	0	0	1500 	200 	0	0	0	0	0	0	1	0	0	4000	600	200	0	0	0	0	120	250	300	0	30	0	10	60	296	50	0	10	200005	0	0	0	0	2	30	2	0	20	0	0	0	0	0	0	0	-1	0	0	0	0	0	0	0	0	0	3	120	0	0	0	0	0	0	0	0	0
	393	Kakworm	44	1299 	26 	47 	1565 	0 	0	0	0	0	1300 	213 	0	0	0	0	0	0	0	0	6	1200	0	0	0	0	0	1200	0	0	0	0	0	100	0	0	0	0	0	0	0	0	0	0	0	0	0	2	0	0	0	0	0	0	0	1	0	-1	0	0	0	0	0	0	0	1	50	3	175	0	0	0	0	0	0	0	0	0
	394	Collector	87	1556 	868 	1152 	3458 	1 	0 	0	0	0	1275 	340 	60	70	110	0	0	0	1	0	0	600	800	400	0	0	0	0	150	250	300	2800	10	0	10	65	296	80	50	100	200006	0	0	0	0	0	0	1	10	30	0	0	0	0	0	0	0	-1	0	300	0	0	0	0	0	0	0	3	115	0	0	0	0	0	0	0	0	0
	395	Grade-A	40	1268 	923 	1028 	0 	0 	0	0	0	0	1600 	200 	0	0	0	0	0	0	0	0	0	1000	3000	200	0	0	0	0	120	250	300	10000	0	0	25	20	296	0	0	0	0	200005	0	0	0	0	100	0	0	0	0	0	0	0	0	0	0	-1	0	0	0	0	0	0	0	0	0	0	110	0	0	0	0	0	0	0	0	0
	396	Shamoon	14	1653 	557 	706 	0 	0 	0	0	0	0	1600 	200 	0	0	0	0	0	0	0	0	0	400	600	225	0	0	0	0	80	250	150	2800	0	0	5	10	296	0	0	0	0	0	0	300011	0	0	0	0	0	0	0	0	0	0	0	0	0	-1	0	250	0	0	0	0	0	0	0	3	125	0	0	0	0	0	0	0	0	0
	397	Barbarian	88	2052 	1265 	1622 	0 	1 	0 	0	0	0	2300 	300 	0	0	0	0	0	0	1	0	0	1000	1000	400	0	0	0	0	120	200	250	5000	15	0	10	10	296	0	0	0	203004	0	0	0	0	0	0	0	0	0	0	0	0	0	0	0	0	-1	0	0	0	0	0	0	0	0	0	3	120	0	0	0	0	0	0	0	0	0
	398	InfernoBat	97	620 	918 	1014 	0 	0 	0	0	0	0	1750 	200 	0	0	0	0	0	0	0	0	0	700	1000	300	0	0	0	0	300	0	0	0	0	0	0	0	0	0	0	0	0	5200018	200004	0	0	1	0	0	11	0	0	2	0	0	0	0	1	-1	0	0	3	0	0	0	0	0	0	3	80	0	0	0	0	0	0	0	0	0
	399	Inferno-King	7	4722 	1545 	1675 	0 	1 	0	0	0	0	1600 	200 	0	0	0	0	0	0	0	0	0	500	1000	400	0	0	0	0	120	250	300	2800	30	0	15	15	296	0	0	100	300012	0	0	0	0	0	50	0	5	0	0	1	0	0	0	0	0	-1	0	0	0	0	0	0	0	0	0	3	250	0	0	0	0	0	0	0	0	0
	403	Kowbat	24	6940 	1400 	1855 	0 	1 	0	0	0	0	1450 	200 	0	0	0	0	0	0	0	0	0	600	600	600	0	0	0	0	180	0	0	2800	0	0	0	0	0	0	0	100	300012	300016	400026	0	0	0	0	2	0	0	0	0	0	0	0	1	0	-1	0	500	0	0	0	0	0	0	0	3	160	0	0	0	0	0	0	0	0	0
	475	OpSteam	76	4255 	4955 	5460 	0 	0	0 	0	0	0	2250 	450 	0	0	0	0	0	0	1	0	0	2000	2000	230	390	0	0	0	140	250	300	0	0	0	30	30	296	50	0	30	0	0	0	0	0	0	0	0	0	5	0	0	0	0	0	0	0	-1	1	0	0	0	0	0	0	0	0	3	200	0	0	0	0	0	0	0	0	0
	476	Switch	43	16196 	0 	0 	0 	0 	0	0	0	0	1000 	0	0	0	0	0	0	0	0	0	0	0	0	0	0	0	0	0	0	0	0	0	0	0	0	0	0	0	0	0	0	0	0	0	0	0	0	0	0	0	0	0	0	0	0	0	0	-1	0	0	0	0	0	0	0	1	0	3	130	0	0	0	0	0	0	0	0	0
	477	MegaTank	18	4389 	1895 	2074 	3492 	0 	1	0	0	0	1300 	250 	0	0	0	0	0	0	0	0	21	600	1200	200	0	0	0	800	100	250	300	500	0	100	0	0	0	100	0	0	0	0	0	0	0	0	0	2	0	0	0	0	0	0	0	1	0	-1	0	0	3	0	1	0	0	0	30	3	145	0	0	0	0	0	0	0	0	0
	478	UltraShamoon	14	8716 	540 	657 	0 	1 	0	0	0	0	2000 	200 	0	0	0	0	0	0	0	0	0	6000	800	200	0	0	0	0	80	350	350	2800	0	0	0	0	296	0	0	0	0	0	0	300008	0	0	0	0	0	0	0	0	0	0	0	0	0	-1	0	0	0	0	0	0	0	0	0	0	200	0	0	0	0	0	0	0	0	0
	479	Tank	92	1389 	895 	1074 	601 	1 	0 	0	0	0	1100 	400 	0	0	0	0	0	0	1	0	0	600	1200	600	0	0	0	0	120	0	0	0	0	0	0	0	0	0	0	30	2100011	2100030	0	0	0	0	0	0	0	0	0	0	0	0	0	0	0	-1	0	0	0	0	0	0	0	0	0	3	110	0	0	0	0	0	0	0	0	0
	480	MotherTank	92	4389 	1895 	2074 	3492 	1 	0 	0	0	0	1100 	400 	0	0	0	0	0	0	1	0	0	600	1200	600	0	0	0	0	150	0	0	0	0	0	0	0	0	0	0	30	2100006	2100014	0	0	0	0	0	0	0	0	0	0	0	0	0	0	0	-1	0	0	0	0	0	0	0	0	0	3	170	0	0	0	0	0	0	0	0	0
	486	SPT-Cop	91	2000 	200 	300 	400 	1 	0	0	0	0	2700 	100	0	0	0	0	0	0	1	0	19	1100	1050	1000	30	30	0	1200	1100	0	0	0	0	100	10	5	296	100	0	0	103009	0	0	0	0	0	0	0	0	0	0	0	0	0	0	0	0	-1	0	0	0	0	0	0	0	0	100	0	90	0	0	0	0	0	0	0	0	0
	487	SPT-Soldier	90	1000 	200 	300 	0 	1 	0 	0	0	0	1200 	300 	0	0	0	0	0	0	1	0	0	500	700	400	0	0	0	0	120	250	300	0	8	0	20	30	296	0	0	50	200007	0	0	0	0	0	0	0	0	30	0	0	0	0	0	0	0	-1	0	0	0	0	0	0	0	0	0	0	100	0	0	0	0	0	0	0	0	0
	488	Hawk	56	3918 	255 	297 	0 	0 	0	0	0	0	2000 	350 	0	0	0	0	0	0	0	0	0	800	1000	400	0	0	0	0	150	250	300	700	20	0	20	80	296	30	0	100	0	0	200011	0	0	0	0	0	10	0	50	100	0	0	0	0	0	-1	0	0	0	0	0	0	0	0	0	0	120	0	0	0	0	0	0	0	0	0
	489	Grade-Z	57	1868 	112 	140 	438 	0 	0	0	0	0	1400 	250 	0	0	0	0	0	0	1	0	17	1000	2500	300	0	0	0	1000	100	0	0	0	0	50	20	30	296	300	0	0	0	0	0	0	0	0	0	0	0	0	0	0	0	0	0	1	0	0	0	0	0	0	0	0	0	0	50	0	100	0	0	0	0	0	0	0	0	0
	498	Ohka-Overseer	47	3918 	255 	297 	0 	0 	0	0	0	0	2000 	350 	0	0	0	0	0	0	0	0	0	800	1000	400	0	0	0	0	150	250	300	700	20	0	20	80	296	30	0	100	0	0	200011	0	300015	0	0	0	10	0	50	100	0	0	0	0	0	-1	0	0	0	0	0	0	0	0	0	0	120	0	0	0	0	0	0	0	0	0
	499	Frost-Spider	31	3918 	255 	297 	0 	0 	0	0	0	0	2000 	350 	0	0	0	0	0	0	0	0	0	800	1000	400	0	0	0	0	150	250	300	700	20	0	20	80	296	30	0	100	0	0	0	0	0	0	0	0	10	0	50	100	0	0	0	0	0	-1	0	0	0	0	0	0	0	0	0	0	70	0	0	0	0	0	0	0	0	0
	422	Shuriken	79	1469 	1609 	2487 	4	0	10	0	0	0	1105	255	0	0	0	0	0	0	1	0	0	4000	4000	600	1390	0	0	0	100	250	300	4000	10	0	5	75	296	100	0	0	0	0	0	0	0	0	0	0	0	0	0	0	0	0	0	0	0	-1	0	100	0	0	0	0	0	0	0	1	110	0	0	0	0	0	0	0	0	0
	423	Boza	59	1148 	1318 	1806 	0 	0 	0	0	0	0	1148 	255 	0	0	0	0	0	0	1	0	0	4000	4000	300	0	0	0	0	120	250	200	2800	0	0	5	30	296	0	0	0	0	0	0	0	0	0	0	0	0	0	0	0	0	0	0	0	0	-1	0	0	0	0	0	0	0	0	0	0	125	0	0	0	0	0	0	0	0	0
	424	Kakworm	44	999 	26 	47 	2614 	0 	0	0	0	0	1300 	213 	0	0	0	0	0	0	0	0	13	4000	4000	1000	0	0	0	1000	100	250	300	0	0	100	0	0	0	100	0	0	0	0	0	0	0	0	0	2	10	0	0	0	0	0	0	1	0	-1	0	0	0	0	0	0	0	0	50	0	120	0	0	0	0	0	0	0	0	0
	425	CodeRed	9	3226 	2505 	2741 	0 	1 	0	0	0	0	1450 	400 	0	0	0	0	0	0	0	0	0	2650	2700	900	0	0	0	0	120	250	300	0	0	0	7	85	296	0	0	100	200004	300018	0	0	0	3	60	1	0	100	0	0	0	0	0	0	0	-1	0	500	0	0	0	0	0	0	0	0	120	0	0	0	0	0	0	0	0	0
	404	Blackmal	37	788 	963 	1594 	0 	0 	0	0	0	0	1360 	213 	0	0	0	0	0	0	0	0	0	10000	10000	200	0	0	0	0	120	250	300	10000	0	0	10	40	296	0	0	0	0	0	0	0	0	0	10	0	0	0	0	0	0	0	0	0	0	-1	0	0	0	0	0	0	0	0	0	0	110	0	0	0	0	0	0	0	0	0
	405	Barbarian	88	1785 	1517 	2015 	0 	0 	0 	0	0	0	1403 	255 	0	0	0	0	0	0	1	0	0	4000	4000	400	0	0	0	0	120	200	250	5000	15	0	10	10	296	0	0	0	303006	0	0	0	0	0	0	0	0	0	0	0	0	0	0	0	0	-1	0	0	0	0	0	0	0	0	0	1	100	0	0	0	0	0	0	0	0	0
	406	CorruptGeneral	58	3445 	3802 	4810 	0 	1 	0	0	0	0	1445 	255 	0	0	0	0	0	0	1	0	0	4000	4000	250	0	0	0	0	127	300	300	5800	10	0	80	90	296	20	0	100	0	0	0	0	0	0	0	3	5	20	0	0	0	0	0	0	0	-1	0	0	0	0	0	0	0	0	0	1	135	0	0	0	0	0	0	0	0	0
	407	Collector	87	2356 	1925 	2450 	3940 	1 	0 	0	0	0	1275 	340 	60	70	110	0	0	0	1	0	0	4000	4000	400	0	0	0	0	150	250	300	2800	10	0	10	65	296	80	50	100	200006	0	0	0	0	0	0	1	10	30	0	0	0	0	0	0	0	-1	0	300	0	0	0	0	0	0	0	1	115	0	0	0	0	0	0	0	0	0
	408	Arsenal	80	1104 	100 	150 	3490 	0 	10	0	0	0	2500 	340	0	0	0	0	0	0	1	0	4	1800	2000	400	30	30	0	1000	1000	0	0	0	0	100	5	0	296	25	0	0	0	0	0	0	0	0	0	0	0	0	0	0	0	0	0	0	0	-1	0	0	0	0	0	0	0	0	100	1	100	0	0	0	0	0	0	0	0	0
	409	CorruptKhanZ	93	6205 	3994 	5092 	0 	1 	0	0	0	0	1641 	128 	0	0	0	0	0	0	1	0	0	4000	10000	150	0	0	0	0	120	250	300	7000	20	0	55	30	296	70	0	0	0	0	0	0	0	0	0	0	8	0	0	0	0	0	0	0	0	-1	0	250	0	0	0	0	0	0	0	1	115	0	0	0	0	0	0	0	0	0
	410	Sharps	84	1544 	2256 	2521 	100 	0 	25 	0	0	0	1403 	298 	100	100	120	0	0	0	1	0	0	4000	4000	200	0	0	0	0	120	250	300	0	30	0	10	60	296	50	0	10	200005	0	0	0	0	2	30	2	0	20	0	0	0	0	0	0	0	-1	0	0	0	0	0	0	0	0	0	1	110	0	0	0	0	0	0	0	0	0
	411	Xabaras	83	5265 	4225 	5342 	0 	1 	0 	0	0	0	1233 	255 	0	0	0	0	0	0	0	0	0	2000	2500	400	0	0	0	0	150	250	300	2800	30	30	20	70	296	0	0	100	5100013	5100010	0	0	0	1	100	0	0	70	50	50	0	0	0	1	0	-1	0	500	0	0	0	0	0	0	0	0	120	0	0	0	0	0	0	0	0	0
	412	Bubbleboy	3	2274 	3385 	4345 	0 	0 	0	0	0	0	1275 	298 	0	0	0	0	0	0	0	0	0	4000	4000	400	0	0	0	0	150	250	300	700	20	0	20	80	296	30	0	100	0	0	0	0	0	0	0	0	10	0	0	0	0	0	0	0	0	-1	0	0	0	0	0	0	0	0	0	0	110	0	0	0	0	0	0	0	0	0
	413	Mandregon	11	4086 	3710 	4508 	0 	1 	0	0	0	0	1148 	298 	0	0	0	0	0	0	0	0	0	400	4000	170	0	0	0	0	200	250	300	2800	0	0	20	70	296	40	0	100	300026	210007	0	0	0	0	0	6	9	70	0	0	0	0	0	1	0	-1	0	300	0	0	0	0	0	0	0	3	180	0	0	0	0	0	0	0	0	0
	414	MiniTank	92	1785 	2748 	3665 	2660 	0 	0 	0	0	0	1100 	340 	0	0	0	0	0	0	1	0	0	1750	2000	400	0	0	0	0	120	0	0	0	0	0	20	30	296	0	0	30	200013	200010	0	0	0	0	0	0	0	30	0	0	0	0	0	0	0	-1	0	0	0	0	0	0	0	0	0	1	120	0	0	0	0	0	0	0	0	0
	415	ChernoTitan	34	7666 	6300 	8495 	0 	1 	0	0	0	0	1275 	128 	0	0	0	0	0	0	0	0	0	4000	4000	1000	0	0	0	0	150	0	0	10000	0	0	60	30	296	0	80	100	5100014	6200038	0	4300024	0	0	30	1	0	0	0	0	0	0	0	1	0	-1	0	100	0	0	0	0	0	0	0	1	145	0	0	0	0	0	0	0	0	0
	416	Bit-Blaster-S	52	1626 	252 	252 	3506 	0 	0	0	0	0	1700 	170 	0	0	0	0	0	0	0	0	18	1000	0	1000	0	0	0	1000	100	250	300	0	0	100	5	0	296	100	0	0	0	0	0	0	0	0	0	2	0	0	0	0	0	0	0	1	0	-1	0	500	3	0	0	1	0	1	30	1	130	1	0	0	0	0	0	0	0	0
	417	Bit-Blaster-B	52	2051 	252 	252 	7648 	0 	0	0	0	0	1700 	200 	0	0	0	0	0	0	0	0	18	1000	0	1000	0	0	0	1000	100	250	300	0	0	100	5	0	296	100	0	0	0	0	0	0	0	0	0	2	0	0	0	0	0	0	0	1	0	-1	1	500	3	0	0	1	0	1	30	1	160	1	0	0	0	0	0	0	0	0
	418	DigiDragon	99	5048 	3678 	5490 	0 	0 	0	0	0	0	1020 	350 	0	0	0	0	0	0	1	0	0	4000	4000	400	4000	0	0	0	120	250	300	0	20	0	20	30	296	30	80	100	0	0	0	0	0	1	100	1	3	60	50	1	0	0	0	1	0	-1	0	500	0	0	0	0	0	0	0	0	120	0	0	0	0	0	0	0	0	0
	419	Carlos	20	4572 	3863 	4988 	0 	1 	0	0	0	0	1275 	170 	0	0	0	0	0	0	1	0	0	650	1000	400	0	0	0	0	200	250	300	995	50	0	30	20	296	0	0	100	3200015	0	0	0	0	2	100	1	0	0	0	0	0	0	0	1	0	-1	0	500	0	0	0	0	0	0	0	0	100	0	0	0	0	0	0	0	0	0
	420	Kowbat	24	7791 	4454 	7349 	0	1	0	0	0	0	1275	198	0	0	0	0	0	0	0	0	0	900	800	700	0	0	0	0	180	0	0	800	0	0	20	70	296	0	50	100	200009	200018	100012	0	0	0	10	2	10	0	0	0	0	0	0	1	0	-1	0	500	0	0	0	0	0	0	0	0	100	0	0	0	0	0	0	0	0	0
	421	Arsenal	80	1391 	100 	150 	4235 	0 	10	0	0	0	2500 	400	0	0	0	0	0	0	1	0	4	1800	2000	400	30	30	0	1000	1000	0	0	0	0	100	5	0	296	25	0	0	0	0	0	0	0	0	0	0	0	0	0	0	0	0	0	0	0	-1	0	0	0	0	0	0	0	0	100	1	100	0	0	0	0	0	0	0	0	0
	435	Shuriken	79	2469 	1609 	2487 	4	0	10	0	0	0	1105	255	0	0	0	0	0	0	1	0	0	4000	4000	600	1390	0	0	0	100	250	300	4000	10	0	5	75	296	100	0	0	0	0	0	0	0	0	0	0	0	0	0	0	0	0	0	0	0	-1	0	100	0	0	0	0	0	0	0	1	110	0	0	0	0	0	0	0	0	0
	436	Mega-Trojan-R	56	3766 	1622 	2119 	0 	0 	0	0	0	0	1600 	200 	0	0	0	0	0	0	0	0	0	800	1000	400	0	0	0	0	150	250	300	700	20	0	5	10	296	30	0	100	0	0	0	0	300014	0	0	0	10	0	50	100	0	0	0	0	0	-1	0	250	0	0	0	0	0	0	0	3	190	0	0	0	0	0	0	0	0	0
	437	EliteShamoon	14	3353 	1793 	2118 	0 	1 	0	0	0	0	1600 	200 	0	0	0	0	0	0	0	0	0	800	1000	225	0	0	0	0	80	250	150	2800	0	0	8	20	296	0	0	0	0	0	0	300011	0	0	0	0	0	0	0	0	0	0	0	0	0	-1	0	250	0	0	0	0	0	0	0	2	145	0	0	0	0	0	0	0	0	0
	438	CorruptGeneral	58	3445 	3802 	4810 	0 	1 	0	0	0	0	1445 	255 	0	0	0	0	0	0	1	0	0	4000	4000	250	0	0	0	0	127	300	300	5800	10	0	80	90	296	20	0	100	0	0	0	0	0	0	0	3	5	20	0	0	0	0	0	0	0	-1	0	0	0	0	0	0	0	0	0	1	135	0	0	0	0	0	0	0	0	0
	439	Grade-A	40	1768 	1718 	1869 	0 	0 	0	0	0	0	1600 	200 	0	0	0	0	0	0	0	0	0	1000	3000	200	0	0	0	0	120	250	300	10000	0	0	25	20	296	0	0	0	0	200005	0	0	0	0	100	0	0	0	0	0	0	0	0	0	0	-1	0	0	0	0	0	0	0	0	0	0	110	0	0	0	0	0	0	0	0	0
	440	Sharps	84	1544 	2256 	2521 	100 	0 	25 	0	0	0	1403 	298 	100	100	120	0	0	0	1	0	0	4000	4000	200	0	0	0	0	120	250	300	0	30	0	10	60	296	50	0	10	200005	0	0	0	0	2	30	2	0	20	0	0	0	0	0	0	0	-1	0	0	0	0	0	0	0	0	0	1	110	0	0	0	0	0	0	0	0	0
	441	InfernoBat	97	4120 	3120 	4151 	0 	0 	0	0	0	0	1450 	200 	0	0	0	0	0	0	0	0	0	1200	800	300	0	0	0	0	300	0	0	0	0	0	0	0	0	0	0	0	2200014	5200010	200004	0	0	1	0	0	11	0	0	2	0	0	0	0	1	-1	0	0	3	0	0	0	0	0	0	3	135	0	0	0	0	0	0	0	0	0
	442	Merill-II	50	3732 	2225 	3245 	0 	1 	0	0	0	0	1500 	500 	0	0	0	0	0	0	1	0	0	9000	9000	400	0	0	0	0	200	250	300	2800	5	0	40	40	296	0	0	100	300010	300017	0	0	0	0	100	1	0	3	100	100	0	0	0	1	0	-1	0	500	0	0	0	0	0	0	0	0	80	0	0	0	0	0	0	0	0	0
	443	Conficker	26	1916 	2060 	2198 	0 	1 	0	0	0	0	2000 	350 	0	0	0	0	0	0	0	0	0	800	1000	400	0	0	0	0	150	250	300	700	20	0	8	20	296	100	0	100	0	0	0	0	0	0	0	0	0	0	0	0	0	0	0	0	0	-1	0	0	0	0	0	0	0	0	0	1	100	0	0	0	0	0	0	0	0	0
	444	Stuxnet	32	2049 	2101 	2239 	0 	1 	0	0	0	0	1700 	400 	0	0	0	0	0	0	0	0	0	400	700	300	0	0	0	0	100	250	300	700	20	0	5	15	296	30	0	0	0	0	0	0	0	0	0	0	5	0	0	0	0	0	0	0	0	-1	0	0	0	0	0	0	0	0	0	1	130	0	0	0	0	0	0	0	0	0
	445	Wazzu	60	1458 	26 	39 	6251 	0 	0	0	0	0	1300 	250 	0	0	0	0	0	0	1	0	18	900	2500	1200	0	0	0	1000	100	250	300	0	0	100	3	15	296	100	0	0	0	0	0	0	0	0	0	0	0	0	0	0	0	0	0	1	0	-1	0	0	0	0	0	0	0	0	50	1	120	0	0	0	0	0	0	0	0	0
	446	Reaper	63	3855 	3361 	3905 	0 	1 	0	0	0	0	2300	600	0	0	0	0	0	0	0	0	0	850	1200	400	0	0	0	0	200	250	300	995	35	0	7	85	296	0	0	100	330005	0	0	0	0	1	45	1	0	0	0	0	0	0	0	0	0	-1	0	300	0	0	0	0	0	0	0	1	115	0	0	0	0	0	0	0	0	0
	447	CodeRed	9	3226 	2505 	2741 	0 	1 	0	0	0	0	1450 	400 	0	0	0	0	0	0	0	0	0	2650	2700	900	0	0	0	0	120	250	300	0	0	0	7	85	296	0	0	100	200004	300018	0	0	0	3	60	1	0	100	0	0	0	0	0	0	0	-1	0	500	0	0	0	0	0	0	0	0	120	0	0	0	0	0	0	0	0	0
	448	EliteEtap	25	3165 	2065 	2118 	0 	1 	0	0	0	0	1800 	180 	0	0	0	0	0	0	0	0	0	800	1000	170	0	0	0	0	170	0	350	700	20	0	10	20	296	100	0	100	0	0	0	0	0	0	0	0	0	0	0	0	0	0	0	0	0	-1	0	0	0	0	0	0	0	0	0	2	130	0	0	0	0	0	0	0	0	0
	449	EliteCreeper	30	2860 	1674 	2640 	0 	1 	0	0	0	0	1700 	150 	0	0	0	0	0	0	0	0	0	800	1000	130	0	0	0	0	130	0	350	700	20	0	10	20	296	100	0	100	0	0	0	0	0	0	0	0	0	0	0	0	0	0	0	0	0	-1	0	0	0	0	0	0	0	0	0	2	125	0	0	0	0	0	0	0	0	0
	450	Enforcer	91	2388 	200 	300 	3158 	1 	0	0	0	0	1500 	100	0	0	0	0	0	0	1	0	18	1100	1050	1000	10	10	0	1200	1100	0	0	0	0	100	10	5	296	100	0	0	203006	0	0	0	0	0	0	0	0	0	0	0	0	0	0	0	0	-1	0	0	0	0	0	0	0	0	110	0	90	0	0	0	0	0	0	0	0	0
	451	Kakworm	44	1999 	26 	47 	4614 	0 	0	0	0	0	1300 	213 	0	0	0	0	0	0	0	0	18	4000	4000	1000	0	0	0	1000	100	250	300	0	0	100	0	0	0	100	0	0	0	0	0	0	0	0	0	2	10	0	0	0	0	0	0	1	0	-1	0	0	0	0	0	0	0	0	50	0	120	0	0	0	0	0	0	0	0	0
	452	Mandregon	11	4086 	3710 	4508 	0 	1 	0	0	0	0	1148 	298 	0	0	0	0	0	0	0	0	0	400	4000	170	0	0	0	0	200	250	300	2800	0	0	20	70	296	40	0	100	300026	210007	0	0	0	0	0	6	9	70	0	0	0	0	0	1	0	-1	0	300	0	0	0	0	0	0	0	3	180	0	0	0	0	0	0	0	0	0
	453	EliteShamoon	14	5353 	3393 	5118 	0 	1 	0	0	0	0	1600 	200 	0	0	0	0	0	0	0	0	0	800	1000	225	0	0	0	0	80	250	150	2800	0	0	8	20	296	0	0	0	0	0	0	400008	0	0	0	0	0	0	0	0	0	0	0	0	0	-1	0	250	0	0	0	0	0	0	0	2	145	0	0	0	0	0	0	0	0	0
	454	EliteSasser	16	6295 	3665 	4288 	0 	0 	0	0	0	0	1600 	100 	0	0	0	0	0	0	0	0	0	1200	1000	225	0	0	0	0	80	250	150	2800	10	0	25	0	0	0	0	0	200011	0	0	200016	0	0	0	0	2	0	0	0	0	0	0	0	0	-1	0	0	0	0	0	0	0	0	0	2	100	0	0	0	0	0	0	0	0	0
	455	Trojan-R	56	2366 	2489 	3119 	0 	0 	0	0	0	0	1600 	200 	0	0	0	0	0	0	0	0	0	800	1000	400	0	0	0	0	150	250	300	700	20	0	5	10	296	30	0	100	0	0	0	0	300011	0	0	0	10	0	50	100	0	0	0	0	0	-1	0	0	0	0	0	0	0	0	0	0	100	0	0	0	0	0	0	0	0	0
	456	InfernoBat	97	5320 	3620 	4651 	0 	0 	0	0	0	0	1450 	200 	0	0	0	0	0	0	0	0	0	1200	800	300	0	0	0	0	300	0	0	0	0	0	0	0	0	0	0	0	2200014	5200010	200004	0	0	1	0	0	11	0	0	2	0	0	0	0	1	-1	0	0	3	0	0	0	0	0	0	0	110	0	0	0	0	0	0	0	0	0
	457	Xabaras	83	5265 	4225 	5342 	0 	1 	0 	0	0	0	1233 	255 	0	0	0	0	0	0	0	0	0	2000	2500	400	0	0	0	0	150	250	300	2800	30	30	20	70	296	0	0	100	5100013	5100010	0	0	0	1	100	0	0	70	50	50	0	0	0	1	0	-1	0	500	0	0	0	0	0	0	0	0	120	0	0	0	0	0	0	0	0	0
	458	DigiDragon	99	5048 	3678 	5490 	0 	0 	0	0	0	0	1020 	350 	0	0	0	0	0	0	1	0	0	4000	4000	400	4000	0	0	0	120	250	300	0	20	0	20	30	296	30	80	100	0	0	0	0	0	1	100	1	3	60	50	1	0	0	0	1	0	-1	0	500	0	0	0	0	0	0	0	0	120	0	0	0	0	0	0	0	0	0
	459	Melissa	15	4191 	2993 	4149 	0 	1 	0	0	0	0	1500	200	0	0	0	0	0	0	0	0	0	650	1000	400	0	0	0	0	200	250	300	995	5	0	35	15	296	0	0	100	200012	0	0	0	0	0	0	1	0	0	0	0	0	0	0	1	0	-1	0	300	0	0	0	0	0	0	0	1	110	0	0	0	0	0	0	0	0	0
	460	Collector	87	3356 	2925 	3450 	4940 	1 	0 	0	0	0	1275 	340 	60	70	110	0	0	0	1	0	0	4000	4000	400	0	0	0	0	150	250	300	2800	10	0	10	65	296	80	50	100	200006	0	0	0	0	0	0	1	10	30	0	0	0	0	0	0	0	-1	0	300	0	0	0	0	0	0	0	1	115	0	0	0	0	0	0	0	0	0
	461	Nyxem	31	3918 	3255 	4297 	0 	0 	0	0	0	0	2000 	350 	0	0	0	0	0	0	0	0	0	800	1000	400	0	0	0	0	150	250	300	700	20	0	20	80	296	30	0	100	0	0	0	0	0	0	0	0	10	0	50	100	0	0	0	0	0	-1	0	0	0	0	0	0	0	0	0	0	120	0	0	0	0	0	0	0	0	0
	462	Arsenal	80	2391 	100 	150 	4235 	0 	10	0	0	0	2500 	400	0	0	0	0	0	0	1	0	21	1800	2000	400	30	30	0	1000	1000	0	0	0	0	100	5	0	296	25	0	0	0	0	0	0	0	0	0	0	0	0	0	0	0	0	0	0	0	-1	0	0	0	0	0	0	0	0	100	1	100	0	0	0	0	0	0	0	0	0
	463	Kowbat	24	15791 	4454 	7349 	0	1	0	0	0	0	1275	198	0	0	0	0	0	0	0	0	0	900	800	700	0	0	0	0	180	0	0	800	0	0	20	70	296	0	50	100	200009	200018	100012	0	0	0	10	2	10	0	0	0	0	0	0	1	0	-1	0	500	0	0	0	0	0	0	0	0	100	0	0	0	0	0	0	0	0	0
	464	Overseer	47	21366 	3489 	5119 	0 	0 	0	0	0	0	1600 	200 	0	0	0	0	0	0	0	0	0	800	1000	400	0	0	0	0	150	250	300	700	20	0	20	80	296	30	0	100	0	0	0	0	300014	0	0	0	10	0	50	100	0	0	0	0	0	-1	0	0	0	0	0	0	0	0	0	1	150	0	0	0	0	0	0	0	0	0
	465	Grade-A	40	14868 	4318 	5469 	0 	0 	0	0	0	0	1600 	200 	0	0	0	0	0	0	0	0	0	1000	3000	200	0	0	0	0	120	250	300	10000	0	0	25	20	296	0	0	0	0	300007	0	0	0	0	100	0	0	0	0	0	0	0	0	0	0	-1	0	0	0	0	0	0	0	0	0	0	125	0	0	0	0	0	0	0	0	0
	466	ChernoTitan	34	17666 	6300 	8495 	0 	1 	0	0	0	0	1275 	128 	0	0	0	0	0	0	0	0	0	4000	4000	1000	0	0	0	0	150	0	0	10000	0	0	60	30	296	0	80	100	5100014	6200038	0	4300024	0	0	30	1	0	0	0	0	0	0	0	1	0	-1	0	100	0	0	0	0	0	0	0	1	125	0	0	0	0	0	0	0	0	0
	467	Laser-Beam	39	10000 	9002 	9909 	0 	0 	0	0	0	0	1300 	0	0	0	0	0	0	0	0	0	0	0	0	0	0	0	0	0	0	0	0	0	0	0	0	0	0	0	0	0	0	0	0	0	0	0	0	5	0	0	0	0	0	0	0	2	1	-1	1	0	0	1	1	1	0	0	0	2	150	0	0	0	0	0	0	0	0	0
	468	Spinnydo	38	11476 	2450 	3514 	0 	0 	0	0	0	0	1000 	0	0	0	0	0	0	0	0	0	0	300	400	500	0	0	0	0	200	0	0	0	0	0	0	0	0	0	0	0	0	0	0	0	0	0	0	1	0	0	0	0	0	0	0	2	0	-1	1	0	0	1	0	1	0	0	0	1	185	0	0	0	0	0	0	0	0	0
	469	Trojan-P	64	2366 	2489 	3119 	0 	0 	0	0	0	0	1600 	200 	0	0	0	0	0	0	0	0	0	800	1000	400	0	0	0	0	150	250	300	700	20	0	3	8	296	30	0	100	300002	0	0	0	0	0	0	0	10	0	50	100	0	0	0	0	0	-1	0	0	0	0	0	0	0	0	0	0	100	0	0	0	0	0	0	0	0	0
	500	Constructor	13	707 	115 	163 	0 	0 	0	0	0	0	1000 	200 	0	0	0	0	0	0	1	0	0	500	400	400	0	0	0	0	120	250	300	700	0	0	30	30	240	0	0	0	200010	200014	0	0	0	0	0	0	0	0	0	0	0	0	0	0	0	-1	0	0	0	0	0	0	0	0	0	0	110	0	0	0	0	0	0	0	0	0
	501	SergeantSector	90	1744 	110 	179 	0 	1 	0 	0	0	0	1350 	300 	0	0	0	0	0	0	1	0	0	500	700	400	0	0	0	0	110	250	300	0	8	0	20	30	296	0	0	50	300010	0	0	0	0	0	0	0	0	5	0	0	0	0	0	0	0	-1	0	0	0	0	0	0	0	0	0	0	110	0	0	0	0	0	0	0	0	0
	502	Conficker	26	1090 	157 	227 	0 	1 	0	0	0	0	2000 	350 	0	0	0	0	0	0	0	0	0	800	1000	400	0	0	0	0	150	250	300	700	20	0	8	20	296	100	0	100	0	0	0	0	0	0	0	0	0	0	0	0	0	0	0	0	0	-1	0	0	0	0	0	0	0	0	0	0	100	0	0	0	0	0	0	0	0	0
	503	Chernobyl	34	4485 	164 	220 	0 	1 	0	0	0	0	1500 	200 	0	0	0	0	0	0	0	0	0	500	600	7000	0	0	0	0	150	0	0	10000	0	0	30	15	296	0	0	100	5100014	6200038	0	4300024	0	0	30	1	0	0	0	0	0	0	0	1	0	-1	0	500	0	0	0	0	0	0	0	0	115	0	0	0	0	0	0	0	0	0
	504	EliteShamoon	14	790 	182 	233 	0 	0 	0	0	0	0	1600 	200 	0	0	0	0	0	0	0	0	0	2000	2000	225	0	0	0	0	80	250	150	2800	0	0	8	20	296	0	0	0	0	0	0	200011	0	0	0	0	0	0	0	0	0	0	0	0	0	-1	0	250	0	0	0	0	0	0	0	1	125	0	0	0	0	0	0	0	0	0
	505	Trojan-R	56	726 	182 	221 	0 	0 	0	0	0	0	1600 	200 	0	0	0	0	0	0	0	0	0	800	1000	400	0	0	0	0	150	250	300	700	20	0	5	10	296	30	0	100	0	0	0	0	300014	0	0	0	10	0	50	100	0	0	0	0	0	-1	0	0	0	0	0	0	0	0	0	1	100	0	0	0	0	0	0	0	0	0
	506	Cruncher	1	1411 	175 	214 	0 	1 	0	0	0	0	1000	200	0	0	0	0	0	0	0	0	0	400	900	0	0	0	0	0	150	250	300	895	25	0	20	12	296	0	0	100	0	0	0	0	0	0	0	0	0	0	0	0	0	0	0	0	0	-1	0	150	0	0	0	0	0	0	0	1	125	0	0	0	0	0	0	0	0	0
	507	SergeantSector	90	2254 	137 	257 	0 	1 	0 	0	0	0	1350 	300 	0	0	0	0	0	0	1	0	0	500	700	400	0	0	0	0	110	250	300	0	8	0	20	30	296	0	0	50	300010	0	0	0	0	0	0	0	0	5	0	0	0	0	0	0	0	-1	0	0	0	0	0	0	0	0	0	1	110	0	0	0	0	0	0	0	0	0
	508	Stuxnet	32	2975 	152 	361 	0 	1 	0	0	0	0	1700 	400 	0	0	0	0	0	0	0	0	0	400	700	300	0	0	0	0	100	250	300	700	20	0	5	15	296	30	0	0	0	0	0	0	0	0	0	0	5	0	0	0	0	0	0	0	0	-1	0	0	0	0	0	0	0	0	0	1	130	0	0	0	0	0	0	0	0	0
	509	Nyxem	31	3018 	194 	244 	0 	1 	0	0	0	0	1500 	200 	0	0	0	0	0	0	0	0	0	2000	2000	400	0	0	0	0	150	250	300	700	20	0	20	80	296	30	0	100	0	0	0	0	0	0	0	0	10	0	50	100	0	0	0	0	0	-1	0	0	0	0	0	0	0	0	0	1	130	0	0	0	0	0	0	0	0	0
	510	Nyxem	31	1899 	125 	185 	0 	1 	0	0	0	0	1500 	200 	0	0	0	0	0	0	1	0	0	2000	2000	400	0	0	0	0	150	250	300	700	20	0	20	80	296	30	0	100	0	0	0	0	0	0	0	0	10	0	50	100	0	0	0	0	0	-1	0	0	0	0	0	0	0	0	0	0	130	0	0	0	0	0	0	0	0	0
	511	SergeantSector	90	1918 	121 	196 	0 	1 	0 	0	0	0	1350 	300 	0	0	0	0	0	0	1	0	0	500	700	400	0	0	0	0	110	250	300	0	8	0	20	30	296	0	0	50	300010	0	0	0	0	0	0	0	0	5	0	0	0	0	0	0	0	-1	0	0	0	0	0	0	0	0	0	0	110	0	0	0	0	0	0	0	0	0
	512	EliteEtap	25	1816 	132 	179 	0 	1 	0	0	0	0	1700 	180 	0	0	0	0	0	0	0	0	0	800	1000	170	0	0	0	0	170	0	350	700	20	0	10	20	296	100	0	100	0	0	0	0	0	0	0	0	0	0	0	0	0	0	0	0	0	-1	0	0	0	0	0	0	0	0	0	0	140	0	0	0	0	0	0	0	0	0
	513	Constructor	13	778 	125 	177 	0 	0 	0	0	0	0	1000 	200 	0	0	0	0	0	0	1	0	0	500	400	400	0	0	0	0	120	250	300	700	0	0	30	30	240	0	0	0	200010	200014	0	0	0	0	0	0	0	0	0	0	0	0	0	0	0	-1	0	0	0	0	0	0	0	0	0	0	110	0	0	0	0	0	0	0	0	0
	514	Trojan-S	65	446 	85 	110 	0 	0 	0	0	0	0	1600 	200 	0	0	0	0	0	0	1	0	0	800	1000	400	0	0	0	0	150	250	300	700	20	0	5	10	296	30	0	100	0	0	0	0	300011	0	0	0	10	0	50	100	0	0	0	0	0	-1	0	0	0	0	0	0	0	0	0	0	100	0	0	0	0	0	0	0	0	0
	515	Trojan-R	56	537 	147 	198 	0 	0 	0	0	0	0	1600 	200 	0	0	0	0	0	0	0	0	0	400	600	400	0	0	0	0	150	250	300	700	20	0	5	10	296	30	0	100	0	0	0	0	300014	0	0	0	10	0	50	100	0	0	0	0	0	-1	0	0	0	0	0	0	0	0	0	0	100	0	0	0	0	0	0	0	0	0
	516	Etap	25	849 	121 	216 	0 	1 	0	0	0	0	1500 	150 	0	0	0	0	0	0	0	0	0	800	1000	130	0	0	0	0	130	0	350	700	20	0	10	20	296	100	0	100	0	0	0	0	0	0	0	0	0	0	0	0	0	0	0	0	0	-1	0	0	0	0	0	0	0	0	0	0	100	0	0	0	0	0	0	0	0	0
	517	Nyxem	31	3320 	212 	267 	0 	1 	0	0	0	0	1500 	200 	0	0	0	0	0	0	1	0	0	2000	2000	400	0	0	0	0	150	250	300	700	20	0	20	80	296	30	0	100	0	0	0	0	0	0	0	0	10	0	50	100	0	0	0	0	0	-1	0	0	0	0	0	0	0	0	0	1	130	0	0	0	0	0	0	0	0	0
	518	Trojan-S	65	611 	139 	162 	0 	0 	0	0	0	0	1600 	200 	0	0	0	0	0	0	1	0	0	800	1000	400	0	0	0	0	150	250	300	700	20	0	5	10	296	30	0	100	0	0	0	0	300011	0	0	0	10	0	50	100	0	0	0	0	0	-1	0	0	0	0	0	0	0	0	0	1	100	0	0	0	0	0	0	0	0	0
	519	Trojan-R	56	799 	210 	255 	0 	0 	0	0	0	0	1600 	200 	0	0	0	0	0	0	0	0	0	400	600	400	0	0	0	0	150	250	300	700	20	0	5	10	296	30	0	100	0	0	0	0	300014	0	0	0	10	0	50	100	0	0	0	0	0	-1	0	0	0	0	0	0	0	0	0	1	100	0	0	0	0	0	0	0	0	0
	520	Shamoon	14	789 	210 	267 	0 	0 	0	0	0	0	1600 	200 	0	0	0	0	0	0	1	0	0	800	1000	225	0	0	0	0	80	250	150	2800	0	0	5	10	296	0	0	0	0	0	0	200012	0	0	0	0	0	0	0	0	0	0	0	0	0	-1	0	0	0	0	0	0	0	0	0	1	110	0	0	0	0	0	0	0	0	0
	521	Cruncher	1	1552 	212 	245 	0 	1 	0	0	0	0	1000	200	0	0	0	0	0	0	0	0	0	400	900	0	0	0	0	0	150	250	300	895	25	0	20	12	296	0	0	100	0	0	0	0	0	0	0	0	0	0	0	0	0	0	0	0	0	-1	0	150	0	0	0	0	0	0	0	1	125	0	0	0	0	0	0	0	0	0
	522	Stuxnet	32	3273 	175 	415 	0 	1 	0	0	0	0	1700 	400 	0	0	0	0	0	0	0	0	0	400	700	300	0	0	0	0	100	250	300	700	20	0	5	15	296	30	0	0	0	0	0	0	0	0	0	0	5	0	0	0	0	0	0	0	0	-1	0	0	0	0	0	0	0	0	0	1	130	0	0	0	0	0	0	0	0	0
	523	Enforcer	91	1752 	200 	300 	302 	1 	0	0	0	0	1500 	100	0	0	0	0	0	0	1	0	6	1100	1050	1000	10	10	0	1200	1100	0	0	0	0	100	10	5	296	100	0	0	103009	0	0	0	0	0	0	0	0	0	0	0	0	0	0	0	0	-1	0	0	0	0	0	0	0	1	110	1	90	0	0	0	0	0	0	0	0	0
	524	Sasser	16	575 	172 	232 	0 	0 	0	0	0	0	1600 	100 	0	0	0	0	0	0	0	0	0	1200	1000	225	0	0	0	0	80	250	150	2800	10	0	25	0	0	0	0	0	200012	0	0	200019	0	0	0	0	2	0	0	0	0	0	0	0	0	-1	0	0	0	0	0	0	0	0	0	1	100	0	0	0	0	0	0	0	0	0
	525	EliteShamoon	14	2611 	242 	308 	0 	1 	0	0	0	0	1600 	200 	0	0	0	0	0	0	0	0	0	800	1000	225	0	0	0	0	80	250	150	2800	0	0	8	20	296	0	0	0	0	0	0	300014	0	0	0	0	0	0	0	0	0	0	0	0	0	-1	0	0	0	0	0	0	0	0	0	1	135	0	0	0	0	0	0	0	0	0
	526	EliteShamoon	14	4013 	1716 	2784 	0 	1 	0	0	0	0	1600 	200 	0	0	0	0	0	0	0	0	0	600	1000	225	0	0	0	0	80	250	150	2800	0	0	8	20	296	0	0	0	0	0	0	300010	0	0	0	0	0	0	0	0	0	0	0	0	0	-1	0	0	0	0	0	0	0	0	0	3	155	0	0	0	0	0	0	0	0	0
	527	Trojan-S	65	892 	170 	220 	0 	0 	0	0	0	0	1600 	200 	0	0	0	0	0	0	1	0	0	800	1000	400	0	0	0	0	150	250	300	700	20	0	5	10	296	30	0	100	0	0	0	0	300011	0	0	0	10	0	50	100	0	0	0	0	0	-1	0	0	0	0	0	0	0	0	0	0	100	0	0	0	0	0	0	0	0	0
	528	Trojan-R	56	1074 	294 	396 	0 	0 	0	0	0	0	1600 	200 	0	0	0	0	0	0	0	0	0	600	750	400	0	0	0	0	150	250	300	700	20	0	5	10	296	30	0	100	0	0	0	0	300014	0	0	0	10	0	50	100	0	0	0	0	0	-1	0	0	0	0	0	0	0	0	0	0	100	0	0	0	0	0	0	0	0	0
	529	Trojan-P	64	1210 	316 	368 	0 	0 	0	0	0	0	1600 	200 	0	0	0	0	0	0	0	0	0	600	750	400	0	0	0	0	150	250	300	700	20	0	3	8	296	30	0	100	0	0	0	0	0	0	0	0	10	0	50	100	0	0	0	0	0	-1	0	0	0	0	0	0	0	0	0	0	100	0	0	0	0	0	0	0	0	0
	530	Sasser	16	974 	228 	234 	0 	0 	0	0	0	0	1600 	100 	0	0	0	0	0	0	0	0	0	800	1000	225	0	0	0	0	80	250	150	2800	10	0	25	0	0	0	0	0	200012	0	0	200020	0	0	0	0	2	0	0	0	0	0	0	0	0	-1	0	0	0	0	0	0	0	0	0	0	100	0	0	0	0	0	0	0	0	0
	531	Blackmal	37	1079 	231 	340 	0	0	0	0	0	0	1300	200	0	0	0	0	0	0	1	0	0	900	1000	400	0	0	0	0	120	250	300	2000	0	0	10	15	296	0	0	0	0	0	0	0	0	0	100	0	0	0	0	0	0	0	0	0	0	-1	0	0	0	0	0	0	0	0	0	0	110	0	0	0	0	0	0	0	0	0
	532	SergeantSector	90	1310 	216 	354 	0 	0 	0 	0	0	0	1650 	300 	0	0	0	0	0	0	1	0	0	600	750	400	0	0	0	0	110	250	300	0	8	0	20	30	296	0	0	50	200010	0	0	0	0	0	0	0	0	5	0	0	0	0	0	0	0	-1	0	0	0	0	0	0	0	0	0	0	100	0	0	0	0	0	0	0	0	0
	533	Shuriken	79	1490 	1563 	2218 	4	0	10	0	0	0	1900	300	0	0	0	0	0	0	1	0	0	2000	1500	600	1390	0	0	0	100	250	300	4000	10	0	5	75	296	100	0	0	0	0	0	0	0	0	0	0	0	0	0	0	0	0	0	0	0	-1	0	100	0	0	0	0	0	0	0	1	120	0	0	0	0	0	0	0	0	0
	534	Arsenal	80	304 	100 	150 	490 	0 	10	0	0	0	2500 	140	0	0	0	0	0	0	1	0	4	1000	1000	400	30	30	0	1000	1000	0	0	0	0	100	5	0	296	25	0	0	0	0	0	0	0	0	0	0	0	0	0	0	0	0	0	0	0	-1	0	0	0	0	0	0	0	0	100	1	110	0	0	0	0	0	0	0	0	0
	535	Bit-Blaster	52	851 	252 	252 	442 	0 	0	0	0	0	1700 	200 	0	0	0	0	0	0	0	0	6	1500	0	1000	0	0	0	1000	100	250	300	0	0	100	5	0	296	100	0	0	0	0	0	0	0	0	0	2	0	0	0	0	0	0	0	1	0	-1	0	500	3	0	0	1	0	1	30	1	120	1	0	0	0	0	0	0	0	0
	536	Enforcer	91	1952 	200 	300 	604 	0 	0	0	0	0	1500 	100	0	0	0	0	0	0	1	0	6	700	850	850	10	10	0	1200	1100	0	0	0	0	100	10	5	296	100	0	0	203009	0	0	0	0	0	0	0	0	0	0	0	0	0	0	0	0	-1	0	0	0	0	0	0	0	0	110	0	100	0	0	0	0	0	0	0	0	0
	537	Mandragore	11	2714 	264 	632 	0 	1 	0	0	0	0	1400 	200 	0	0	0	0	0	0	0	0	0	600	650	400	0	0	0	0	120	250	300	2800	0	0	15	15	296	30	0	100	6200010	6200020	0	0	0	0	0	1	20	0	0	0	0	0	0	1	0	-1	0	0	0	0	0	0	0	0	0	0	120	0	0	0	0	0	0	0	0	0
	538	Tank	92	1655 	312 	408 	801 	0 	0 	0	0	0	1700 	500 	0	0	0	0	0	0	1	0	0	550	900	400	0	0	0	0	160	0	0	0	0	0	20	30	296	0	0	30	2200007	2200019	0	0	0	0	0	0	0	30	0	0	0	0	0	0	0	-1	0	250	0	0	0	0	0	0	0	0	130	0	0	0	0	0	0	0	0	0
	539	Sharps	84	1255 	325 	420 	100 	0 	0 	0	0	0	2300 	350 	100	100	120	0	0	0	1	0	0	600	750	200	0	0	0	0	120	250	300	0	30	0	10	60	296	50	0	10	200004	0	0	0	0	2	30	2	0	20	0	0	0	0	0	0	0	-1	0	0	0	0	0	0	0	0	0	1	120	0	0	0	0	0	0	0	0	0
	540	Stuxnet	32	2273 	310 	781 	0 	1 	0	0	0	0	1700 	400 	0	0	0	0	0	0	0	0	0	500	700	300	0	0	0	0	100	250	300	700	20	0	5	15	296	30	0	0	0	0	0	0	0	0	0	0	5	0	0	0	0	0	0	0	0	-1	0	0	0	0	0	0	0	0	0	0	125	0	0	0	0	0	0	0	0	0
	541	EliteShamoon	14	3911 	484 	616 	0 	1 	0	0	0	0	1600 	200 	0	0	0	0	0	0	0	0	0	700	900	225	0	0	0	0	80	250	150	2800	0	0	8	20	296	0	0	0	0	0	0	300008	0	0	0	0	0	0	0	0	0	0	0	0	0	-1	0	0	0	0	0	0	0	0	0	0	140	0	0	0	0	0	0	0	0	0
	542	Nyxem	31	3898 	375 	555 	0 	1 	0	0	0	0	1900 	200 	0	0	0	0	0	0	1	0	0	900	1000	400	0	0	0	0	150	250	300	700	20	0	20	80	296	30	0	100	0	0	0	0	0	0	0	0	10	0	50	100	0	0	0	0	0	-1	0	0	0	0	0	0	0	0	0	0	140	0	0	0	0	0	0	0	0	0
	543	Kowbat	24	4876 	338 	488 	0 	1 	0	0	0	0	1500 	200 	0	0	0	0	0	0	0	0	0	600	800	400	0	0	0	0	180	0	0	2800	0	0	20	20	296	0	50	100	200008	200016	300024	0	0	0	5	2	10	0	0	0	0	0	0	1	0	-1	0	500	0	0	0	0	0	0	0	1	110	0	0	0	0	0	0	0	0	0
	544	OpsTitan	76	5844 	755 	1160 	0 	1	0 	0	0	0	2250 	450 	0	0	0	0	0	0	1	0	0	500	600	230	390	0	0	0	140	250	300	0	0	0	30	30	296	50	0	30	0	0	0	0	0	0	0	0	0	5	0	0	0	0	0	0	0	-1	0	100	0	0	0	0	0	0	0	1	200	0	0	0	0	0	0	0	0	0
	545	Merill-II	50	4632 	324 	495 	0 	1 	0	0	0	0	2100 	500 	0	0	0	0	0	0	1	0	0	600	1100	400	0	0	0	0	200	250	300	800	5	0	40	40	296	0	0	100	200010	300017	0	0	0	0	100	1	0	3	100	100	0	0	0	1	0	-1	0	500	0	0	0	0	0	0	0	0	105	0	0	0	0	0	0	0	0	0
	546	CodeRed	9	4013 	354 	464 	0 	1 	0	0	0	0	1700 	250 	0	0	0	0	0	0	0	0	0	600	600	400	0	0	0	0	120	250	300	0	0	0	20	20	296	0	0	100	200010	300013	0	0	0	3	60	1	0	100	0	0	0	0	0	0	0	-1	0	500	0	0	0	0	0	0	0	0	110	0	0	0	0	0	0	0	0	0
	547	Reaper	63	5855 	461 	560 	0 	1 	0	0	0	0	2300	600	0	0	0	0	0	0	0	0	0	900	1200	400	0	0	0	0	200	250	300	995	35	0	7	85	296	0	0	100	330005	0	0	0	0	1	45	1	0	0	0	0	0	0	0	0	0	-1	0	300	0	0	0	0	0	0	0	0	135	0	0	0	0	0	0	0	0	0
	548	ChernoTitan	34	5244 	420 	566 	0 	1 	0	0	0	0	1500 	100 	0	0	0	0	0	0	0	0	0	700	1000	1000	0	0	0	0	150	0	0	10000	0	0	60	30	296	0	80	100	5200014	6200038	0	4300024	0	0	30	1	0	0	0	0	0	0	0	1	0	-1	0	100	0	0	0	0	0	0	0	0	135	0	0	0	0	0	0	0	0	0
	549	Boza	59	875 	227 	263 	0 	0 	0	0	0	0	1300 	200 	0	0	0	0	0	0	1	0	0	600	750	300	0	0	0	0	120	250	200	2800	0	0	10	10	296	0	0	0	0	0	0	0	0	0	0	0	0	0	0	0	0	0	0	0	0	-1	0	0	0	0	0	0	0	0	0	0	120	0	0	0	0	0	0	0	0	0
	550	Base	116	5000 	1 	750 	650	1	0	0	0	0	2500	250	0	0	0	0	0	0	0	0	8	1300	1300	1300	0	0	0	1300	100	250	300	0	0	100	0	0	0	100	0	0	110004	0	0	0	0	0	0	4	0	0	0	0	0	0	0	3	0	-1	0	250	3	0	0	0	0	1	160	0	100	1	0	0	0	0	0	0	0	0
	551	Bonfire	45	10000 	1296 	1296 	0 	0 	0	0	0	0	1500 	0	0	0	0	0	0	0	0	0	0	0	0	0	0	0	0	0	0	0	0	0	0	0	0	0	0	0	0	0	0	0	0	0	0	0	0	0	0	0	0	0	0	0	0	1	1	-1	1	0	0	1	1	1	0	1	0	0	350	0	0	0	0	0	0	0	0	0
	552	GoldenKhanZ	101	2148 	198 	225 	0 	1 	0	0	0	0	1800 	175 	0	0	0	0	0	0	1	0	0	4000	10000	150	0	0	0	0	120	250	300	7000	20	0	55	30	296	70	0	0	0	0	0	0	0	0	0	0	8	0	0	0	0	0	0	0	0	-1	0	250	0	0	0	0	0	0	0	0	120	0	0	0	0	0	0	0	0	0
	553	DiamondKhanZ	102	2148 	198 	225 	0 	1 	0	0	0	0	1800 	175 	0	0	0	0	0	0	1	0	0	4000	10000	150	0	0	0	0	120	250	300	7000	20	0	55	30	296	70	0	0	0	0	0	0	0	0	0	0	8	0	0	0	0	0	0	0	0	-1	0	250	0	0	0	0	0	0	0	0	120	0	0	0	0	0	0	0	0	0
	554	UrbanKhanZ	104	1550 	172 	199 	0 	0 	0	0	0	0	1600 	150 	0	0	0	0	0	0	1	0	0	4000	10000	150	0	0	0	0	120	250	300	7000	20	0	55	30	296	70	0	0	0	0	0	0	0	0	0	0	8	0	0	0	0	0	0	0	0	-1	0	250	0	0	0	0	0	0	0	0	100	0	0	0	0	0	0	0	0	0
	555	RedTeam	100	948 	298 	327 	0 	1 	0	0	0	0	1800 	175 	0	0	0	0	0	0	1	0	0	4000	10000	150	0	0	0	0	120	250	300	7000	20	0	55	30	296	70	0	0	0	0	0	0	0	0	0	0	8	0	0	0	0	0	0	0	0	-1	0	250	0	0	0	0	0	0	0	0	110	0	0	0	0	0	0	0	0	0
	556	LionMecha	109	2841 	142 	332 	0 	1 	0	0	0	0	1800 	175 	0	0	0	0	0	0	1	0	0	4000	10000	150	0	0	0	0	120	250	300	7000	20	0	55	30	296	70	0	0	0	0	0	0	0	0	0	0	8	0	0	0	0	0	0	0	0	-1	0	250	0	0	0	0	0	0	0	0	115	0	0	0	0	0	0	0	0	0
	557	RetroDragon	105	1001 	251 	280 	0 	0 	0	0	0	0	1020 	350 	0	0	0	0	0	0	1	0	0	4000	4000	400	4000	0	0	0	120	250	300	0	20	0	20	30	296	30	80	100	0	0	0	0	0	1	100	1	3	60	50	1	0	0	0	1	0	-1	0	500	0	0	0	0	0	0	0	0	90	0	0	0	0	0	0	0	0	0
	558	ObsidianDragon	106	1001 	251 	280 	0 	0 	0	0	0	0	1020 	350 	0	0	0	0	0	0	1	0	0	4000	4000	400	4000	0	0	0	120	250	300	0	20	0	20	30	296	30	80	100	0	0	0	0	0	1	100	1	3	60	50	1	0	0	0	1	0	-1	0	500	0	0	0	0	0	0	0	0	110	0	0	0	0	0	0	0	0	0
	559	LadyValor	108	1848 	299 	317 	0 	1 	0	0	0	0	1800 	175 	0	0	0	0	0	0	1	0	0	4000	10000	150	0	0	0	0	120	250	300	7000	20	0	55	30	296	70	0	0	0	0	0	0	0	0	0	0	8	0	0	0	0	0	0	0	0	-1	0	250	0	0	0	0	0	0	0	0	100	0	0	0	0	0	0	0	0	0
	560	LanternMan	107	1148 	218 	257 	0 	0 	0	0	0	0	1800 	175 	0	0	0	0	0	0	1	0	0	4000	10000	150	0	0	0	0	120	250	300	7000	20	0	55	30	296	70	0	0	0	0	0	0	0	0	0	0	8	0	0	0	0	0	0	0	0	-1	0	250	0	0	0	0	0	0	0	0	100	0	0	0	0	0	0	0	0	0
	561	Sircam	7	1724 	232 	338 	0 	0 	0	0	0	0	1400 	200 	0	0	0	0	0	0	0	0	0	700	1000	400	0	0	0	0	120	250	300	700	5	0	20	20	296	0	0	100	0	0	0	0	0	0	0	0	10	0	0	1	0	0	0	0	0	-1	0	0	0	0	0	0	0	0	0	1	120	0	0	0	0	0	0	0	0	0
	562	Conficker	26	2289 	345 	499 	0 	1 	0	0	0	0	2000 	350 	0	0	0	0	0	0	0	0	0	600	700	400	0	0	0	0	150	250	300	700	20	0	8	20	296	100	0	100	0	0	0	0	0	0	0	0	0	0	0	0	0	0	0	0	0	-1	0	0	0	0	0	0	0	0	0	0	100	0	0	0	0	0	0	0	0	0
	563	Creeper	30	2498 	235 	444 	0 	1 	0	0	0	0	1500 	150 	0	0	0	0	0	0	1	0	0	800	1000	130	0	0	0	0	130	0	350	700	20	0	10	20	296	100	0	100	0	0	0	0	0	0	0	0	0	0	0	0	0	0	0	0	0	-1	0	0	0	0	0	0	0	0	0	0	125	0	0	0	0	0	0	0	0	0
	564	FrostBat	97	2452 	533 	796 	0 	1 	0	0	0	0	1950 	200 	0	0	0	0	0	0	0	0	0	800	1100	300	0	0	0	0	300	0	0	0	0	0	0	0	0	0	0	0	2300014	5200010	200004	0	0	1	0	0	11	0	0	2	0	0	0	0	1	-1	0	0	3	0	0	0	0	0	0	1	120	0	0	0	0	0	0	0	0	0
	600	Odysseus	100	1774 	804 	938 	0 	0 	0	0	0	0	1600 	200 	0	0	0	0	0	0	0	0	0	750	800	400	0	0	0	0	150	250	300	700	20	0	5	10	296	30	0	100	0	0	0	0	300011	0	0	0	0	0	50	100	0	0	0	0	0	-1	0	0	0	0	0	0	0	0	0	0	130	0	0	0	0	0	0	0	0	0
	601	Elkern	43	364 	0 	0 	0 	1 	0	0	0	0	1000 	0	0	0	0	0	0	0	0	0	0	2000	2000	800	0	0	0	0	0	0	0	0	0	0	0	25	296	0	0	0	0	0	0	0	0	0	0	0	50	0	0	0	0	0	0	0	0	-1	0	0	0	0	0	0	0	0	0	1	60	0	0	0	0	0	0	0	0	0
	602	Nimba	61	331 	365 	380 	0 	0 	0	0	0	0	1200 	200 	0	0	0	0	0	0	1	0	0	2000	2000	400	0	0	0	0	120	250	300	2800	20	0	0	0	0	0	0	0	0	0	0	0	0	0	0	0	20	0	0	0	0	0	0	0	0	-1	0	0	0	0	0	0	0	0	0	0	100	0	0	0	0	0	0	0	0	0
	603	Shuriken	79	290 	333 	394 	4	0	0	0	0	0	1900	300	0	0	0	0	0	0	1	0	0	2000	2000	600	1390	0	0	0	100	250	300	4000	10	0	5	75	296	100	0	0	0	0	0	0	0	0	0	0	0	0	0	0	0	0	0	0	0	-1	0	100	0	0	0	0	0	0	0	0	100	0	0	0	0	0	0	0	0	0
	604	Sharps	84	944 	180 	199 	100 	0 	0 	0	0	0	1403 	298 	100	100	120	0	0	0	1	0	0	2000	2000	200	0	0	0	0	120	250	300	0	30	0	10	60	296	50	0	10	200005	0	0	0	0	2	30	2	0	20	0	0	0	0	0	0	0	-1	0	0	0	0	0	0	0	0	0	0	100	0	0	0	0	0	0	0	0	0
	605	Shamoon	14	589 	155 	187 	0 	0 	0	0	0	0	1600 	200 	0	0	0	0	0	0	1	0	0	2000	2000	225	0	0	0	0	80	250	150	2800	0	0	5	10	296	0	0	0	0	0	0	200012	0	0	0	0	0	0	0	0	0	0	0	0	0	-1	0	0	0	0	0	0	0	0	0	0	100	0	0	0	0	0	0	0	0	0
	606	Ganda	2	305 	372 	396 	0 	0 	0	0	0	0	1200 	200 	0	0	0	0	0	0	0	0	0	2000	2000	400	0	0	0	0	120	250	300	2800	20	0	15	15	296	30	0	0	0	0	0	0	0	0	0	0	0	0	0	0	0	0	0	0	0	-1	0	0	0	0	0	0	0	0	0	0	100	0	0	0	0	0	0	0	0	0
	607	Snowman	19	600	364	412	0	0	0	0	0	0	1400	100	0	0	0	0	0	0	0	0	0	2000	2000	400	0	0	0	0	150	0	0	3000	0	0	5	60	296	50	50	80	0	0	0	0	0	3	70	1	2	10	0	0	0	0	0	0	0	-1	0	200	0	0	0	0	0	0	0	0	100	0	0	0	0	0	0	0	0	0
	608	ILOVEYOU	101	5210 	616 	668 	0 	1 	0	0	0	0	1600 	200 	0	0	0	0	0	0	0	0	0	2000	2000	400	0	0	0	0	150	250	300	700	20	0	3	8	296	30	0	100	0	0	0	0	0	0	0	0	10	0	50	100	0	0	0	0	0	-1	0	0	0	0	0	0	0	0	0	0	100	0	0	0	0	0	0	0	0	0
	609	IceGolem	96	2586 	375 	516 	0 	1 	0	0	0	0	2600 	200 	0	0	0	0	0	0	0	0	0	2000	2000	200	0	0	0	0	200	250	300	2800	0	0	30	30	296	70	100	10	2100011	100006	0	0	2200018	1	20	1	0	30	30	0	0	0	0	0	0	-1	0	500	0	0	0	0	0	0	0	0	100	0	0	0	0	0	0	0	0	0
	610	CodeZero	98	2532 	432 	494 	0 	1 	0	0	0	0	1900 	200 	0	0	0	0	0	0	0	0	0	2000	2000	400	0	0	0	0	120	250	300	0	0	0	20	25	296	0	0	100	200010	300023	0	0	0	3	60	1	0	100	0	0	0	0	0	0	0	-1	0	500	0	0	0	0	0	0	0	0	100	0	0	0	0	0	0	0	0	0
	611	ColdSniper	94	982 	111 	166 	559 	0 	20	0	0	0	1200 	300	60	100	90	80	0	0	1	0	7	2000	2000	200	30	30	0	350	400	0	0	0	0	45	30	30	296	50	0	10	0	0	0	0	0	0	0	0	1	0	0	0	0	0	0	0	0	-1	0	0	0	0	0	0	0	0	100	0	100	0	0	0	0	0	0	0	0	0
	612	Macho-Z	23	1578 	386 	432 	0 	1 	0	0	0	0	1500 	200 	0	0	0	0	0	0	0	0	0	2000	2000	400	0	0	0	0	140	0	0	2800	0	0	15	15	296	0	100	100	100012	200022	300032	400044	0	0	0	1	20	20	0	0	0	0	0	0	0	-1	0	0	0	0	0	0	0	0	0	0	100	0	0	0	0	0	0	0	0	0
	700	Slapper	0	288 	64 	88 	0	0	0	0	0	0	1000	0	0	0	0	0	0	0	0	0	0	700	800	400	0	0	0	0	150	250	300	700	20	0	0	0	0	30	0	0	0	0	0	0	0	0	0	0	0	0	0	0	0	0	0	0	0	-1	0	0	0	0	0	0	0	0	0	0	120	0	0	0	0	0	0	0	0	0
	701	Cruncher	1	896 	99 	115 	0	1	0	0	0	0	1000 	100 	0	0	0	0	0	0	0	0	0	800	1000	400	0	0	0	0	100	250	300	2800	20	0	0	0	0	100	0	0	200015	0	0	0	0	0	0	0	2	0	0	0	0	0	0	0	0	-1	0	0	0	0	0	0	0	0	0	0	110	0	0	0	0	0	0	0	0	0
	702	Ganda	2	276 	68 	92 	0	0	0	0	0	0	1000	0	0	0	0	0	0	0	0	0	0	700	800	400	0	0	0	0	120	250	300	2800	20	0	0	0	0	30	0	0	0	0	0	0	0	0	0	0	20	0	0	0	0	0	0	0	0	-1	0	0	0	0	0	0	0	0	0	0	90	0	0	0	0	0	0	0	0	0
	703	Bubbleboy	3	1543 	147 	167 	0	1	0	0	0	0	1000	0	0	0	0	0	0	0	0	0	0	700	900	400	0	0	0	0	120	250	300	700	20	0	0	0	0	30	0	0	0	0	0	0	0	0	0	0	40	0	0	0	0	0	0	0	0	-1	0	0	0	0	0	0	0	0	0	0	120	0	0	0	0	0	0	0	0	0
	704	Shoveler	4	316 	72 	96 	0 	0 	0	0	0	0	1000 	0	0	0	0	0	0	0	0	0	0	700	800	400	0	0	0	0	120	250	300	700	0	0	10	10	296	0	0	0	0	0	0	0	0	0	0	0	5	0	0	0	0	0	0	0	0	-1	0	0	0	0	0	0	0	0	0	0	100	0	0	0	0	0	0	0	0	0
	705	Gamma	5	215 	95 	116 	0	0	0	0	0	0	1000	100	0	0	0	0	0	0	0	0	0	800	800	400	0	0	0	0	100	250	300	800	0	0	10	0	296	0	0	0	0	0	0	0	0	0	0	0	0	0	0	0	0	0	0	0	0	-1	0	0	0	0	0	0	0	0	0	0	105	0	0	0	0	0	0	0	0	0
	706	Sircam	7	982 	95 	112 	0	1	0	0	0	0	1300	200	0	0	0	0	0	0	1	0	0	700	800	400	0	0	0	0	120	250	300	700	5	0	10	15	296	0	0	100	0	0	0	0	0	0	0	0	10	0	0	1	0	0	0	0	0	-1	0	0	0	0	0	0	0	0	0	0	140	0	0	0	0	0	0	0	0	0
	707	CodeRed	9	3965 	272 	311 	0 	1 	0	0	0	0	1500 	200 	0	0	0	0	0	0	0	0	0	850	900	400	0	0	0	0	120	250	300	0	0	0	20	20	296	0	0	100	200010	300018	0	0	0	3	60	1	0	100	0	0	0	0	0	0	0	-1	0	500	0	0	0	0	0	0	0	0	120	0	0	0	0	0	0	0	0	0
	708	GandaII	2	483 	99 	132 	0 	0 	0	0	0	0	1200 	100 	0	0	0	0	0	0	0	0	0	700	800	400	0	0	0	0	140	250	300	2800	20	0	12	50	296	30	0	0	0	0	0	0	0	0	0	0	5	0	0	0	0	0	0	0	0	-1	0	0	0	0	0	0	0	0	0	0	115	0	0	0	0	0	0	0	0	0
	709	SergeantSector	90	1044 	104 	126 	0 	1 	0 	0	0	0	1250 	300 	0	0	0	0	0	0	1	0	0	800	850	400	0	0	0	0	110	250	300	0	8	0	20	30	296	0	0	50	0	0	0	0	0	0	0	0	0	5	0	0	0	0	0	0	0	-1	0	0	0	0	0	0	0	0	0	0	110	0	0	0	0	0	0	0	0	0
	710	Blaster	8	3965 	272 	311 	0 	1 	0	0	0	0	1500 	200 	0	0	0	0	0	0	0	0	0	800	900	400	0	0	0	0	200	250	300	2800	35	0	20	0	0	0	0	100	300014	0	0	0	0	1	100	1	10	0	0	0	0	0	0	0	0	-1	0	500	0	0	0	0	0	0	0	0	120	0	0	0	0	0	0	0	0	0
	711	Sasser	16	389 	96 	121 	0 	0 	0	0	0	0	1600 	100 	0	0	0	0	0	0	0	0	0	850	1000	225	0	0	0	0	80	250	150	2800	10	0	25	0	0	0	0	0	100012	0	0	100020	0	0	0	0	2	0	0	0	0	0	0	0	0	-1	0	0	0	0	0	0	0	0	0	0	100	0	0	0	0	0	0	0	0	0
	712	Nimba	61	310 	87 	99 	0 	0 	0	0	0	0	1000 	0 	0	0	0	0	0	0	0	0	0	650	650	400	0	0	0	0	200	250	150	2800	20	0	0	0	0	0	0	0	0	0	0	0	0	0	0	0	5	0	0	0	0	0	0	0	0	-1	0	0	0	0	0	0	0	0	0	0	100	0	0	0	0	0	0	0	0	0
	713	Scalper	12	995 	127 	149 	0 	1 	0	0	0	0	1200 	150 	0	0	0	0	0	0	0	0	0	700	800	400	0	0	0	0	120	250	300	2800	20	0	10	10	296	30	0	100	0	0	0	0	0	0	0	1	0	0	0	0	0	0	0	0	0	-1	0	0	0	0	0	0	0	0	0	0	90	0	0	0	0	0	0	0	0	0
	714	EliteScalper	12	1294 	165 	194 	0 	1 	0	0	0	0	1500 	200 	0	0	0	0	0	0	1	0	0	700	800	400	0	0	0	0	150	250	300	895	20	0	30	20	296	30	0	100	0	0	0	0	0	0	0	1	0	0	0	0	0	0	0	0	0	-1	0	0	0	0	0	0	0	0	0	3	120	0	0	0	0	0	0	0	0	0
	715	Conficker	26	1475 	119 	176 	0 	1 	0	0	0	0	1650 	200 	0	0	0	0	0	0	0	0	0	900	900	400	0	0	0	0	150	250	300	700	20	0	8	20	296	100	0	100	0	0	0	0	0	0	0	0	0	0	0	0	0	0	0	0	0	-1	0	0	0	0	0	0	0	0	0	0	100	0	0	0	0	0	0	0	0	0
	716	Mandragore	11	1388 	182 	233 	0 	1 	0	0	0	0 	1600 	200 	0	0	0	0	0	0	0	0	0	800	800	400	0	0	0	0	120	250	300	2800	0	0	10	10	296	30	0	100	6200010	6200020	0	0	0	0	0	1	0	0	0	0	0	0	0	1	0	-1	0	0	0	0	0	0	0	0	0	0	100	0	0	0	0	0	0	0	0	0
	717	Melissa	15	3620 	296 	342 	0 	1 	0	0	0	0	1600 	200 	0	0	0	0	0	0	0	0	0	800	900	400	0	0	0	0	200	250	300	2800	5	0	15	15	296	0	0	100	200013	0	0	0	0	0	0	1	10	30	0	0	0	0	0	1	0	-1	0	500	0	0	0	0	0	0	0	0	120	0	0	0	0	0	0	0	0	0
	718	Bugbear	10	3965 	272 	311 	0 	1 	0	0	0	0	1500 	200 	0	0	0	0	0	0	0	0	0	800	900	0	0	0	0	0	120	250	300	2800	35	0	10	10	296	0	0	100	200012	300022	0	0	0	0	0	1	10	0	0	0	0	0	0	0	0	-1	0	0	0	0	0	0	0	0	0	0	120	0	0	0	0	0	0	0	0	0
	719	Creeper	30	1226 	138 	149 	0 	1 	0	0	0	0	1500 	150 	0	0	0	0	0	0	0	0	0	900	1000	130	0	0	0	0	130	0	350	700	20	0	10	20	296	100	0	100	0	0	0	0	0	0	0	0	0	0	0	0	0	0	0	0	0	-1	0	0	0	0	0	0	0	0	0	0	125	0	0	0	0	0	0	0	0	0
	720	Stuxnet	32	1825 	121 	179 	0 	1 	0	0	0	0	1700 	400 	0	0	0	0	0	0	0	0	0	700	700	300	0	0	0	0	100	250	300	700	20	0	5	15	296	30	0	0	0	0	0	0	0	0	0	0	5	0	0	0	0	0	0	0	0	-1	0	0	0	0	0	0	0	0	0	0	130	0	0	0	0	0	0	0	0	0
	721	Macho-Z	23	3075 	265 	289 	0 	1 	0	0	0	0	1500 	200 	0	0	0	0	0	0	0	0	0	800	800	400	0	0	0	0	140	0	0	2800	0	0	15	15	296	0	100	100	100012	100016	200022	300030	0	0	0	1	20	20	0	0	0	0	0	0	0	-1	0	0	0	0	0	0	0	0	0	0	125	0	0	0	0	0	0	0	0	0
	722	Boza	59	324 	89 	103 	0 	0 	0	0	0	0	1300 	200 	0	0	0	0	0	0	1	0	0	700	800	300	0	0	0	0	120	250	200	2800	0	0	10	10	296	0	0	0	0	0	0	0	0	0	0	0	0	0	0	0	0	0	0	0	0	-1	0	0	0	0	0	0	0	0	0	0	100	0	0	0	0	0	0	0	0	0
	723	Wazzu	60	216 	0 	0 	417 	0 	0	0	0	0	1300 	200 	0	0	0	0	0	0	1	0	5	800	800	800	0	0	0	1000	100	250	300	0	0	100	10	10	296	100	0	0	111003	0	0	0	0	0	0	0	0	0	0	0	0	0	0	1	0	-1	0	0	0	0	0	0	0	0	50	0	100	0	0	0	0	0	0	0	0	0
	724	Kakworm	44	346 	0 	0 	298 	0 	0	0	0	0	1300 	200 	0	0	0	0	0	0	0	0	5	800	800	400	0	0	0	1300	100	250	300	0	0	100	10	10	296	100	0	0	0	0	0	0	0	0	0	2	0	0	0	0	0	0	0	1	0	-1	0	0	0	0	0	0	0	0	50	0	115	0	0	0	0	0	0	0	0	0
	725	Kowbat	24	4200 	286 	364 	0 	1 	0	0	0	0	1450 	200 	0	0	0	0	0	0	0	0	0	800	900	400	0	0	0	0	180	0	0	2800	0	0	0	0	0	0	0	100	200012	200018	200024	0	0	0	0	2	0	0	0	0	0	0	0	1	0	-1	0	500	0	0	0	0	0	0	0	0	120	0	0	0	0	0	0	0	0	0
	726	Brain	35	5000 	0 	0 	0 	1 	0	0	0	0	1000 	200 	0	0	0	0	0	0	0	0	0	0	0	0	0	0	0	0	0	0	0	0	0	0	0	0	0	0	0	0	0	0	0	0	0	0	0	0	0	0	0	0	0	0	0	2	1	-1	0	0	3	1	1	1	0	1	0	0	100	1	0	0	0	0	1	1	1	0
	727	Donut	36	10000 	600 	600 	0 	0 	0	0	0	0	1000 	0	0	0	0	0	0	0	0	0	0	900	1000	100	0	0	0	0	0	0	0	0	0	0	0	0	0	0	0	0	101001	0	0	0	0	0	0	6	0	0	0	0	0	0	0	2	1	-1	1	0	3	1	1	1	0	1	0	0	100	0	0	0	0	0	0	0	0	0
	728	Spinnydo	38	625 	355 	355 	0 	0 	0	0	0	0	1000 	0	0	0	0	0	0	0	0	0	0	300	400	500	0	0	0	0	150	0	0	0	0	0	0	0	0	0	0	0	0	0	0	0	0	0	0	1	0	0	0	0	0	0	0	2	0	-1	0	0	0	1	0	1	1	1	0	0	100	0	0	0	0	0	0	0	0	0
	729	Blackmal	37	298 	92 	138 	0 	0 	0	0	0	0	1300 	200 	0	0	0	0	0	0	0	0	0	250	1000	400	0	0	0	0	120	250	300	1500	0	0	0	0	0	0	0	0	0	0	0	0	0	0	100	0	0	0	0	0	0	0	0	0	0	-1	0	0	0	0	0	0	0	0	0	0	90	0	0	0	0	0	0	0	0	0
	730	Grade-A	40	1151 	126 	151 	0 	1 	0	0	0	0	1300 	200 	0	0	0	0	0	0	0	0	0	500	1000	200	0	0	0	0	120	250	300	10000	0	0	0	0	0	0	0	0	0	301005	0	0	0	0	100	0	20	0	0	0	0	0	0	0	0	-1	0	0	0	0	0	0	0	0	0	0	115	0	0	0	0	0	0	0	0	0
	731	Chernobyl	34	4610 	220 	347 	0 	1 	0	0	0	0	1700 	350 	0	0	0	0	0	0	0	0	0	800	800	800	0	0	0	0	150	0	0	600	0	0	10	10	296	0	0	100	5100014	6200038	0	4300024	0	0	30	1	0	0	0	0	0	0	0	1	0	-1	0	500	0	0	0	0	0	0	0	0	120	0	0	0	0	0	0	0	0	0
	732	MedicBot	42	64 	0 	0 	0 	0 	0	0	0	0	1000 	0	0	0	0	0	0	0	0	0	0	400	400	400	0	0	0	0	0	0	0	0	0	0	30	30	296	0	0	0	0	0	0	0	0	0	100	0	20	0	0	0	0	0	0	0	0	-1	0	0	0	0	0	1	0	0	0	0	100	0	0	0	0	0	0	0	0	0
	733	Elkern	43	512 	0 	0 	0 	1 	0	0	0	0	1000 	0	0	0	0	0	0	0	0	0	0	800	400	400	0	0	0	0	0	0	0	0	0	0	0	0	0	0	0	0	0	0	0	0	0	0	0	0	20	0	0	0	0	0	0	0	0	-1	0	0	0	0	0	1	0	0	0	0	100	0	0	0	0	0	0	0	0	0
	734	ItemBox	21	1 	0 	0 	0 	0 	0	0	0	0	1000 	0	0	0	0	0	0	0	0	0	0	0	0	0	0	0	0	0	0	0	0	0	0	0	0	0	0	0	0	0	0	0	0	0	0	0	0	0	0	0	0	0	0	0	0	0	0	-1	0	0	0	1	1	1	0	1	0	0	100	0	0	0	0	0	0	0	0	0
	735	Chernobyl	34	3227 	154 	243 	0 	1 	0	0	0	0	1600 	250 	0	0	0	0	0	0	0	0	0	800	800	800	0	0	0	0	150	0	0	600	0	0	10	10	296	0	0	100	5100014	6200038	0	4300024	0	0	30	1	0	0	0	0	0	0	0	1	0	-1	0	500	0	0	0	0	0	0	0	0	90	0	0	0	0	0	0	0	0	0
	736	CodeRed	9	2776 	190 	218 	0 	1 	0	0	0	0	1500 	200 	0	0	0	0	0	0	0	0	0	850	900	400	0	0	0	0	120	250	300	0	0	0	20	20	296	0	0	100	200010	200018	0	0	0	3	60	1	0	100	0	0	0	0	0	0	0	-1	0	500	0	0	0	0	0	0	0	0	100	0	0	0	0	0	0	0	0	0
	737	Blaster	8	2776 	190 	218 	0 	1 	0	0	0	0	1500 	200 	0	0	0	0	0	0	0	0	0	800	900	400	0	0	0	0	200	250	300	2800	35	0	20	0	0	0	0	100	200014	0	0	0	0	1	100	1	10	0	0	0	0	0	0	0	0	-1	0	500	0	0	0	0	0	0	0	0	100	0	0	0	0	0	0	0	0	0
	738	Bugbear	10	2776 	190 	218 	0 	1 	0	0	0	0	1500 	200 	0	0	0	0	0	0	0	0	0	800	900	0	0	0	0	0	120	250	300	2800	35	0	10	10	296	0	0	100	200012	200022	0	0	0	0	0	1	10	0	0	0	0	0	0	0	0	-1	0	0	0	0	0	0	0	0	0	0	100	0	0	0	0	0	0	0	0	0
	739	Melissa	15	2534 	207 	239 	0 	1 	0	0	0	0	1600 	200 	0	0	0	0	0	0	0	0	0	800	900	400	0	0	0	0	200	250	300	2800	5	0	15	15	296	0	0	100	200013	0	0	0	0	0	0	1	10	30	0	0	0	0	0	1	0	-1	0	500	0	0	0	0	0	0	0	0	100	0	0	0	0	0	0	0	0	0
	740	Macho-Z	23	2153 	186 	202 	0 	1 	0	0	0	0	1500 	200 	0	0	0	0	0	0	0	0	0	800	800	400	0	0	0	0	140	0	0	2800	0	0	15	15	296	0	100	100	100012	100016	200022	200030	0	0	0	1	20	20	0	0	0	0	0	0	0	-1	0	0	0	0	0	0	0	0	0	0	100	0	0	0	0	0	0	0	0	0
	741	Kowbat	24	2940 	200 	255 	0 	1 	0	0	0	0	1450 	200 	0	0	0	0	0	0	0	0	0	800	900	400	0	0	0	0	180	0	0	2800	0	0	0	0	0	0	0	100	200012	200018	200030	0	0	0	0	2	0	0	0	0	0	0	0	1	0	-1	0	500	0	0	0	0	0	0	0	0	100	0	0	0	0	0	0	0	0	0
	742	Gost-Chernobyl	34	3227 	154 	243 	0 	0 	0	0	0	0	1600 	0 	0	0	0	0	0	0	0	0	0	800	800	800	0	0	0	0	150	0	0	600	0	0	10	10	296	0	0	100	5100014	6200038	0	4300024	0	0	30	1	0	0	0	0	0	0	0	1	0	-1	0	500	0	0	0	0	0	0	0	1	90	0	0	0	0	0	0	0	0	0
	743	Trojan-R	56	799 	155 	184 	0 	0 	0	0	0	0	1500 	200 	0	0	0	0	0	0	0	0	0	700	800	400	0	0	0	0	150	250	300	700	20	0	5	10	296	30	0	100	0	0	0	0	300014	0	0	0	10	0	50	100	0	0	0	0	0	-1	0	0	0	0	0	0	0	0	0	0	100	0	0	0	0	0	0	0	0	0
	744	Trojan-P	64	999 	177 	206 	0 	0 	0	0	0	0	1700 	250 	0	0	0	0	0	0	0	0	0	600	600	400	0	0	0	0	150	250	300	700	20	0	3	8	296	30	0	100	0	0	0	0	0	0	0	0	10	0	50	100	0	0	0	0	0	-1	0	0	0	0	0	0	0	0	0	0	100	0	0	0	0	0	0	0	0	0
	745	Bit-Blaster	52	915 	0 	0 	251 	0 	0	0	0	0	1200 	200 	0	0	0	0	0	0	0	0	6	1500	0	1000	0	0	0	1000	100	250	300	0	0	100	5	0	296	100	0	0	0	0	0	0	0	0	0	2	0	0	0	0	0	0	0	1	0	-1	0	500	3	0	0	1	0	1	30	0	100	1	0	0	0	0	0	0	0	0
	746	Carlos	20	2534 	207 	239 	0 	1 	0	0	0	0	1500 	200 	0	0	0	0	0	0	1	0	0	800	800	400	0	0	0	0	200	250	300	995	50	0	30	20	296	0	0	100	3200018	0	0	0	0	2	100	1	0	0	0	0	0	0	0	1	0	-1	0	500	0	0	0	0	0	0	0	0	100	0	0	0	0	0	0	0	0	0
	747	Carlos	20	3620 	296 	342 	0 	1 	0	0	0	0	1500 	200 	0	0	0	0	0	0	1	0	0	800	800	400	0	0	0	0	200	250	300	995	50	0	30	20	296	0	0	100	3200018	0	0	0	0	2	100	1	0	0	0	0	0	0	0	1	0	-1	0	500	0	0	0	0	0	0	0	0	120	0	0	0	0	0	0	0	0	0
	748	Chainsaw	75	270 	440 	440 	0 	0 	0	0	0	0	1300 	200 	0	0	0	0	0	0	0	0	0	300	400	500	0	0	0	0	500	0	0	0	0	0	0	0	0	0	0	0	101003	0	0	0	0	0	0	3	0	0	0	0	0	0	0	1	0	-1	0	0	3	1	1	1	1	1	0	0	100	0	0	0	0	0	0	0	0	0
	749	Vandor	78	1906 	209 	263 	0	1	0	0	0	0	1500	200	0	0	0	0	0	0	1	0	0	700	700	400	0	0	0	0	140	0	0	3000	0	0	25	30	296	0	0	100	100006	0	200015	200030	0	0	0	1	25	0	0	0	0	0	0	0	0	-1	0	300	0	0	0	0	0	0	0	0	120	0	0	0	0	0	0	0	0	0
	750	Vandor	78	2725 	299 	375 	0	1	0	0	0	0	1600	200	0	0	0	0	0	0	1	0	0	700	700	400	0	0	0	0	140	0	0	3000	0	0	25	30	296	0	0	100	100006	0	200015	300030	0	0	0	1	25	0	0	0	0	0	0	0	0	-1	0	300	0	0	0	0	0	0	0	0	150	0	0	0	0	0	0	0	0	0
	751	Shamoon	14	789 	140 	169 	0 	0 	0	0	0	0	1500 	200 	0	0	0	0	0	0	0	0	0	700	700	225	0	0	0	0	80	250	150	2800	0	0	5	10	296	0	0	0	0	0	0	200012	0	0	0	0	0	0	0	0	0	0	0	0	0	-1	0	0	0	0	0	0	0	0	0	0	110	0	0	0	0	0	0	0	0	0
	752	EliteShamoon	14	2094 	136 	199 	0 	1 	0	0	0	0	1600 	200 	0	0	0	0	0	0	0	0	0	800	800	225	0	0	0	0	80	250	150	2800	0	0	8	20	296	0	0	0	0	0	0	300011	0	0	0	0	0	0	0	0	0	0	0	0	0	-1	0	0	0	0	0	0	0	0	0	0	145	0	0	0	0	0	0	0	0	0
	753	Xabaras	83	3486 	230 	281 	0 	1 	0 	0	0	0	1700 	200 	0	0	0	0	0	0	0	0	0	800	1000	400	0	0	0	0	200	250	300	2800	20	0	30	25	296	0	0	100	200015	200020	0	0	0	0	0	3	5	100	50	2	0	0	0	1	0	-1	0	500	0	0	0	0	0	0	0	0	100	0	0	0	0	0	0	0	0	0
	754	Xabaras	83	4980 	329 	401 	0 	1 	0 	0	0	0	1700 	200 	0	0	0	0	0	0	0	0	0	800	1000	400	0	0	0	0	200	250	300	2800	20	0	30	25	296	0	0	100	200011	300024	0	0	0	0	0	3	5	100	50	2	0	0	0	1	0	-1	0	500	0	0	0	0	0	0	0	0	100	0	0	0	0	0	0	0	0	0
	755	Bubbleboy	3	2135 	204 	232 	0 	0 	0	0	0	0	1500 	200 	0	0	0	0	0	0	0	0	0	800	800	400	0	0	0	0	120	250	300	700	20	0	30	30	296	30	0	100	0	0	0	0	0	0	0	0	0	0	0	0	0	0	0	0	0	-1	0	0	0	0	0	0	0	0	0	0	120	0	0	0	0	0	0	0	0	0
	756	Bubbleboy	3	1815 	173 	197 	0 	0 	0	0	0	0	1500 	200 	0	0	0	0	0	0	0	0	0	800	800	400	0	0	0	0	120	250	300	700	20	0	30	30	296	30	0	100	0	0	0	0	0	0	0	0	0	0	0	0	0	0	0	0	0	-1	0	0	0	0	0	0	0	0	0	0	90	0	0	0	0	0	0	0	0	0
	757	EliteGanda	2	1397 	114 	131 	0 	1 	0	0	0	0	1500 	100 	0	0	0	0	0	0	0	0	0	700	800	400	0	0	0	0	140	250	300	2800	20	0	12	50	296	30	0	0	0	0	0	0	0	0	0	0	5	0	0	0	0	0	0	0	0	-1	0	0	0	0	0	0	0	0	0	3	140	0	0	0	0	0	0	0	0	0
	758	EliteGandaII	2	1995 	163 	187 	0 	1 	0	0	0	0	1500 	100 	0	0	0	0	0	0	0	0	0	700	800	400	0	0	0	0	140	250	300	2800	20	0	12	50	296	30	0	0	0	0	0	0	0	0	0	0	5	0	0	0	0	0	0	0	0	-1	0	0	0	0	0	0	0	0	0	3	180	0	0	0	0	0	0	0	0	0
	759	EliteBoza	59	1995 	163 	187 	0 	0 	0	0	0	0	1300 	200 	0	0	0	0	0	0	1	0	0	700	750	300	0	0	0	0	120	250	200	2800	0	0	10	10	296	0	0	0	0	0	0	0	0	0	0	0	0	0	0	0	0	0	0	0	0	-1	0	0	0	0	0	0	0	0	0	0	150	0	0	0	0	0	0	0	0	0
	760	Reaper	63	2776 	190 	218 	0 	1 	0	0	0	0	2200	400	0	0	0	0	0	0	0	0	0	950	1200	400	0	0	0	0	200	250	300	995	35	0	20	15	296	0	0	100	3300010	0	0	0	0	1	45	1	0	0	0	0	0	0	0	0	0	-1	0	300	0	0	0	0	0	0	0	0	115	0	0	0	0	0	0	0	0	0
	761	Odysseus	100	686 	445 	736 	0 	0 	0	0	0	0	1600 	200 	0	0	0	0	0	0	0	0	0	950	950	400	0	0	0	0	150	250	300	700	20	0	5	10	296	30	0	100	0	0	0	0	300011	0	0	0	0	0	50	100	0	0	0	0	0	-1	0	0	0	0	0	0	0	0	0	0	130	0	0	0	0	0	0	0	0	0
	762	ChernoTitan	34	8244 	132 	383 	0 	1 	0	0	0	0	1500 	100 	0	0	0	0	0	0	0	0	0	1000	1000	1000	0	0	0	0	150	0	0	10000	0	0	60	30	296	0	80	100	5300014	6400038	0	4500024	0	0	30	1	0	0	0	0	0	0	0	1	0	-1	0	100	0	0	0	0	0	0	0	1	145	0	0	0	0	0	0	0	0	0
	763	Gate-Normal	29	3028 	0 	0 	0 	1 	0	0	0	0	1000 	200 	0	0	0	0	0	0	0	0	0	0	0	0	0	0	0	0	0	0	0	0	0	0	0	0	0	0	100	0	0	0	0	0	0	0	0	0	0	0	0	0	0	0	0	2	1	-1	0	0	3	1	1	1	1	1	0	0	100	1	0	0	0	0	0	0	0	0
	764	Gate-Diag	29	3028 	0 	0 	0 	1 	0	0	0	0	1000 	200 	0	0	0	0	0	0	0	0	0	0	0	0	0	0	0	0	0	0	0	0	0	0	0	0	0	0	100	0	0	0	0	0	0	0	0	0	0	0	0	0	0	0	0	2	0	-1	0	0	3	1	1	1	1	1	0	0	100	1	0	0	0	0	0	0	0	0
	765	Door	49	3500 	1 	1 	0 	1 	0	0	0	0	1000 	200 	0	0	0	0	0	0	0	0	0	0	0	0	0	0	0	0	0	0	0	0	0	0	0	0	0	0	0	0	0	0	0	0	0	0	0	0	0	0	0	0	0	0	0	2	1	-1	0	0	3	1	1	0	0	1	0	0	100	1	0	0	0	0	0	0	0	0
	766	Control-Room	55	4025 	1 	1 	0 	1 	0	0	0	0	1200 	200 	0	0	0	0	0	0	0	0	0	0	0	0	0	0	0	0	0	0	0	0	0	0	0	0	0	0	100	0	0	0	0	0	0	0	0	0	0	0	0	0	0	0	0	2	1	-1	0	0	3	1	0	1	0	1	0	0	100	1	0	0	0	1	1	1	1	0
	767	EliteBoza	59	1397 	114 	131 	0 	0 	0	0	0	0	1300 	200 	0	0	0	0	0	0	1	0	0	700	750	300	0	0	0	0	120	250	200	2800	0	0	10	10	296	0	0	0	0	0	0	0	0	0	0	0	0	0	0	0	0	0	0	0	0	-1	0	0	0	0	0	0	0	0	0	0	150	0	0	0	0	0	0	0	0	0
	768	FrostPup	27	192 	216 	283 	0 	0 	0	0	0	0	2000 	150 	0	0	0	0	0	0	1	0	0	800	800	250	0	0	0	0	127	300	300	5800	25	0	10	0	0	0	0	0	100014	100020	0	0	0	0	0	0	0	0	0	0	0	0	0	0	0	-1	0	0	0	0	0	0	0	0	0	1	70	0	0	0	0	0	0	0	0	0
	769	Pup	27	192 	216 	283 	0 	0 	0	0	0	0	1500 	300 	0	0	0	0	0	0	1	0	0	800	800	250	0	0	0	0	127	300	300	5800	25	0	10	0	0	0	0	0	100014	100020	0	0	0	0	0	0	0	0	0	0	0	0	0	0	0	-1	0	0	0	0	0	0	0	0	0	0	70	0	0	0	0	0	0	0	0	0
	615	Bubbleboy	3	232650 	590 	741 	0 	1 	0	0	0	0	1500 	350 	0	0	0	0	0	0	0	0	0	4000	4000	4000	0	0	0	0	120	250	300	4000	0	0	0	0	296	30	0	100	0	0	0	0	0	0	0	0	0	0	0	0	0	0	0	0	0	-1	0	0	0	0	0	0	0	0	0	0	220	0	0	0	0	0	0	0	0	0
	616	EliteGanda	2	81397 	814 	931 	0 	1 	0	0	0	0	1500 	600 	0	0	0	0	0	0	0	0	0	4000	4000	4000	0	0	0	0	140	250	300	2800	0	0	12	50	296	30	0	0	0	0	0	0	0	0	0	0	0	0	0	0	0	0	0	0	0	-1	0	0	0	0	0	0	0	0	0	0	180	0	0	0	0	0	0	0	0	0
	617	Trojan-P	64	1420 	258 	284 	0 	0 	0	0	0	0	1900 	400 	0	0	0	0	0	0	0	0	0	4000	4000	400	0	0	0	0	150	250	300	700	20	0	3	8	296	30	0	100	0	0	0	0	0	0	0	0	10	0	50	100	0	0	0	0	0	-1	0	0	0	0	0	0	0	0	0	0	100	0	0	0	0	0	0	0	0	0
	618	Trojan-R	56	1090 	235 	281 	0 	0 	0	0	0	0	1600 	300 	0	0	0	0	0	0	0	0	0	4000	4000	400	0	0	0	0	150	250	300	700	20	0	5	10	296	30	0	100	0	0	0	0	300014	0	0	0	10	0	50	100	0	0	0	0	0	-1	0	0	0	0	0	0	0	0	0	0	100	0	0	0	0	0	0	0	0	0
	619	Trojan-S	65	807 	228 	264 	0 	0 	0	0	0	0	1900 	200 	0	0	0	0	0	0	1	0	0	4000	4000	400	0	0	0	0	150	250	300	700	20	0	5	10	296	30	0	100	0	0	0	0	300011	0	0	0	10	0	50	100	0	0	0	0	0	-1	0	0	0	0	0	0	0	0	0	0	100	0	0	0	0	0	0	0	0	0
	620	Creeper	30	2250 	386 	425 	0 	0 	0	0	0	0	1900 	350 	0	0	0	0	0	0	1	0	0	4000	4000	400	0	0	0	0	130	0	350	700	20	0	10	20	296	100	0	100	0	0	0	0	0	0	0	0	0	0	0	0	0	0	0	0	0	-1	0	0	0	0	0	0	0	0	0	0	125	0	0	0	0	0	0	0	0	0
	621	Stuxnet	32	3049 	301 	439 	0 	0 	0	0	0	0	1700 	800 	0	0	0	0	0	0	0	0	0	4000	4000	400	0	0	0	0	100	250	300	700	20	0	5	15	296	30	0	0	0	0	0	0	0	0	0	0	5	0	0	0	0	0	0	0	0	-1	0	0	0	0	0	0	0	0	0	0	125	0	0	0	0	0	0	0	0	0
	622	Conficker	26	2716 	390 	448 	0 	0 	0	0	0	0	2000 	450 	0	0	0	0	0	0	0	0	0	4000	4000	400	0	0	0	0	150	250	300	700	20	0	8	20	296	100	0	100	0	0	0	0	0	0	0	0	0	0	0	0	0	0	0	0	0	-1	0	0	0	0	0	0	0	0	0	0	125	0	0	0	0	0	0	0	0	0
	623	UltraShamoon	14	282716 	840 	957 	0 	1 	0	0	0	0	2000 	500 	0	0	0	0	0	0	0	0	0	4000	4000	200	0	0	0	0	80	350	350	2800	0	0	0	0	296	0	0	0	0	0	0	300008	0	0	0	0	0	0	0	0	0	0	0	0	0	-1	0	0	0	0	0	0	0	0	0	0	200	0	0	0	0	0	0	0	0	0
	624	Grade-S	40	24767 	311 	679 	0 	0 	0	0	0	0	2300 	500 	0	0	0	0	0	0	0	0	0	1000	3000	200	0	0	0	0	120	250	300	10000	0	0	20	20	296	0	0	0	0	100004	0	0	0	0	100	0	0	0	0	0	0	0	0	0	0	-1	0	0	0	0	0	0	1	0	0	0	140	0	0	0	0	0	0	0	0	0
	640	Shamoon	14	589 	155 	187 	0 	0 	0	0	0	0	1600 	200 	0	0	0	0	0	0	1	0	0	800	1000	225	0	0	0	0	80	250	150	2800	0	0	5	10	296	0	0	0	0	0	0	200012	0	0	0	0	0	0	0	0	0	0	0	0	0	-1	0	0	0	0	0	0	0	0	0	0	110	0	0	0	0	0	0	0	0	0
	641	Sircam	7	862 	116 	169 	0	1	0	0	0	0	1300	200	0	0	0	0	0	0	1	0	0	500	700	400	0	0	0	0	120	250	300	700	5	0	10	15	296	0	0	100	0	0	0	0	0	0	0	0	10	0	0	1	0	0	0	0	0	-1	0	0	0	0	0	0	0	0	0	0	100	0	0	0	0	0	0	0	0	0
	642	Sasser	16	487 	114 	167 	0 	0 	0	0	0	0	1600 	100 	0	0	0	0	0	0	0	0	0	800	1000	225	0	0	0	0	80	250	150	2800	10	0	25	0	0	0	0	0	100012	0	0	100020	0	0	0	0	2	0	0	0	0	0	0	0	0	-1	0	0	0	0	0	0	0	0	0	0	100	0	0	0	0	0	0	0	0	0
	643	Sharps	84	944 	180 	199 	100 	0 	0 	0	0	0	1403 	298 	100	100	120	0	0	0	1	0	0	4000	4000	200	0	0	0	0	120	250	300	0	30	0	10	60	296	50	0	10	200005	0	0	0	0	2	30	2	0	20	0	0	0	0	0	0	0	-1	0	0	0	0	0	0	0	0	0	1	110	0	0	0	0	0	0	0	0	0
	644	Shuriken	79	290 	333 	394 	4	0	0	0	0	0	1900	300	0	0	0	0	0	0	1	0	0	2000	1500	600	1390	0	0	0	100	250	300	4000	10	0	5	75	296	100	0	0	0	0	0	0	0	0	0	0	0	0	0	0	0	0	0	0	0	-1	0	100	0	0	0	0	0	0	0	1	120	0	0	0	0	0	0	0	0	0
	645	Odysseus	100	124374 	202 	269 	0 	0 	0	0	0	0	1600 	200 	0	0	0	0	0	0	0	0	0	3000	3000	400	0	0	0	0	150	250	300	700	20	0	0	0	296	30	0	100	0	0	0	0	200009	0	0	0	0	0	50	100	0	0	0	0	0	-1	0	0	0	0	0	0	0	0	0	0	150	0	0	0	0	0	0	0	0	0
	646	Merill	50	2032 	224 	435 	0 	1 	0	0	0	0	2100 	500 	0	0	0	0	0	0	1	0	0	600	1100	400	0	0	0	0	200	250	300	800	5	0	40	40	296	0	0	100	0	300008	0	0	0	0	100	1	0	3	100	100	0	0	0	1	0	-1	0	500	0	0	0	0	0	0	0	0	100	0	0	0	0	0	0	0	0	0
	647	EliteNyxem	31	2399 	245 	385 	0 	1 	0	0	0	0	1800 	200 	0	0	0	0	0	0	1	0	0	600	800	400	0	0	0	0	150	250	300	700	20	0	20	80	296	30	0	100	0	0	0	0	0	0	0	3	1	0	50	100	0	0	0	0	0	-1	0	0	0	0	0	0	0	0	0	0	140	0	0	0	0	0	0	0	0	0
	648	Melissa	15	2191 	163 	249 	0 	1 	0	0	0	0	1500	200	0	0	0	0	0	0	0	0	0	650	1000	400	0	0	0	0	200	250	300	995	5	0	35	15	296	0	0	100	300010	0	0	0	0	0	0	1	0	0	0	0	0	0	0	1	0	-1	0	300	0	0	0	0	0	0	0	0	115	0	0	0	0	0	0	0	0	0
	649	EliteShamoon	14	1811 	284 	366 	0 	1 	0	0	0	0	1600 	200 	0	0	0	0	0	0	0	0	0	700	900	225	0	0	0	0	80	250	150	2800	0	0	8	20	296	0	0	100	0	0	0	300008	0	0	0	0	0	0	0	0	0	0	0	0	0	-1	0	0	0	0	0	0	0	0	0	0	140	0	0	0	0	0	0	0	0	0
	650	Vandor	78	3021 	201 	275 	0	1	0	0	0	0	1500	200	0	0	0	0	0	0	1	0	0	1600	500	700	0	0	0	0	140	0	0	3000	0	0	25	30	296	0	0	100	0	100004	0	100012	0	0	0	1	0	0	0	0	0	0	0	0	0	-1	0	300	0	0	0	0	0	0	0	1	180	0	0	0	0	0	0	0	0	0
	651	Nyxem	31	1899 	125 	185 	0 	1 	0	0	0	0	1500 	200 	0	0	0	0	0	0	1	0	0	2000	2000	400	0	0	0	0	150	250	300	700	20	0	20	80	296	30	0	100	0	0	0	0	0	0	0	0	10	0	50	100	0	0	0	0	0	-1	0	0	0	0	0	0	0	0	0	0	130	0	0	0	0	0	0	0	0	0
	652	DeathBat	97	382 	333 	496 	0 	0 	0	0	0	0	1950 	0 	0	0	0	0	0	0	0	0	0	1100	1100	300	0	0	0	0	300	0	0	0	0	0	0	0	0	0	0	0	2300014	5200009	200006	0	0	1	0	0	0	0	0	2	0	0	0	0	1	-1	0	0	3	0	0	0	0	0	0	0	100	0	0	0	0	0	0	0	0	0
	653	Creeper	30	1520 	135 	344 	0 	1 	0	0	0	0	1500 	150 	0	0	0	0	0	0	1	0	0	800	1000	130	0	0	0	0	130	0	350	700	20	0	10	20	296	100	0	100	0	0	0	0	0	0	0	0	0	0	0	0	0	0	0	0	0	-1	0	0	0	0	0	0	0	0	0	0	125	0	0	0	0	0	0	0	0	0
	654	Scylla	102	66165 	165 	258 	0 	1 	0	0	0	0	1800 	180 	0	0	0	0	0	0	0	0	0	4000	4000	170	0	0	0	0	170	0	350	700	20	0	0	0	296	100	0	100	0	0	0	0	0	0	0	0	0	0	0	0	0	0	0	0	0	-1	0	0	0	0	0	0	0	0	0	0	140	0	0	0	0	0	0	0	0	0
	655	Trojan-R	56	799 	155 	184 	0 	0 	0	0	0	0	1500 	200 	0	0	0	0	0	0	0	0	0	800	1000	400	0	0	0	0	150	250	300	700	20	0	5	10	296	30	0	100	0	0	0	0	300014	0	0	0	10	0	50	100	0	0	0	0	0	-1	0	0	0	0	0	0	0	0	0	0	100	0	0	0	0	0	0	0	0	0
	656	Trojan-S	65	599 	144 	162 	0 	0 	0	0	0	0	1600 	200 	0	0	0	0	0	0	1	0	0	800	1000	400	0	0	0	0	150	250	300	700	20	0	5	10	296	30	0	100	0	0	0	0	300011	0	0	0	10	0	50	100	0	0	0	0	0	-1	0	0	0	0	0	0	0	0	0	0	100	0	0	0	0	0	0	0	0	0
	657	Trojan-P	64	999 	177 	206 	0 	0 	0	0	0	0	1700 	250 	0	0	0	0	0	0	0	0	0	800	1000	400	0	0	0	0	150	250	300	700	20	0	3	8	296	30	0	100	0	0	0	0	0	0	0	0	10	0	50	100	0	0	0	0	0	-1	0	0	0	0	0	0	0	0	0	0	100	0	0	0	0	0	0	0	0	0
	658	Shamoon	14	789 	140 	169 	0 	0 	0	0	0	0	1500 	200 	0	0	0	0	0	0	0	0	0	800	1000	225	0	0	0	0	80	250	150	2800	0	0	5	10	296	0	0	0	0	0	0	200012	0	0	0	0	0	0	0	0	0	0	0	0	0	-1	0	0	0	0	0	0	0	0	0	1	110	0	0	0	0	0	0	0	0	0
	659	Sasser	16	389 	96 	121 	0 	0 	0	0	0	0	1600 	100 	0	0	0	0	0	0	0	0	0	2200	2000	225	0	0	0	0	80	250	150	2800	10	0	25	0	0	0	0	0	100017	0	0	100026	0	0	0	0	2	0	0	0	0	0	0	0	0	-1	0	0	0	0	0	0	0	0	0	0	100	0	0	0	0	0	0	0	0	0
	660	Wazzu	60	216 	76 	72 	417 	0 	0	0	0	0	1300 	200 	0	0	0	0	0	0	1	0	5	900	2500	1200	0	0	0	1000	100	250	300	0	0	100	10	15	206	100	0	0	111003	0	0	0	0	0	0	0	0	0	0	0	0	0	0	1	0	-1	0	0	0	0	0	0	0	0	50	0	100	0	0	0	0	0	0	0	0	0
	661	Kakworm	44	346 	26 	47 	298 	0 	0	0	0	0	1300 	200 	0	0	0	0	0	0	0	0	5	1000	0	1000	0	0	0	1300	100	250	300	0	0	100	0	0	0	100	0	0	0	0	0	0	0	0	0	2	10	0	0	0	0	0	0	1	0	-1	0	0	0	0	0	0	0	1	50	0	110	0	0	0	0	0	0	0	0	0
	662	Scalper	12	995 	127 	149 	0 	1 	0	0	0	0	1200 	150 	0	0	0	0	0	0	0	0	0	400	500	400	0	0	0	0	120	250	300	2800	20	0	10	10	296	30	0	100	0	0	0	0	0	0	0	1	0	0	0	0	0	0	0	0	0	-1	0	0	0	0	0	0	0	0	0	0	90	0	0	0	0	0	0	0	0	0
	663	Mandragore	11	1388 	182 	233 	0 	1 	0	0	0	0 	1600 	200 	0	0	0	0	0	0	0	0	0	2800	2700	400	0	0	0	0	120	250	300	2800	0	0	10	10	296	30	0	100	6200010	6200020	0	0	0	0	0	1	0	0	0	0	0	0	0	1	0	-1	0	0	0	0	0	0	0	0	0	0	100	0	0	0	0	0	0	0	0	0
	664	Boza	59	324 	89 	103 	0 	0 	0	0	0	0	1300 	200 	0	0	0	0	0	0	1	0	0	400	350	300	0	0	0	0	120	250	200	2800	0	0	10	10	296	0	0	0	0	0	0	0	0	0	0	0	0	0	0	0	0	0	0	0	0	-1	0	0	0	0	0	0	0	0	0	0	100	0	0	0	0	0	0	0	0	0
	665	EliteGanda	2	483 	99 	132 	0 	0 	0	0	0	0	1200 	300 	0	0	0	0	0	0	0	0	0	650	1200	400	0	0	0	0	140	250	300	2800	20	0	12	50	296	30	0	0	0	0	0	0	0	0	0	0	15	0	0	0	0	0	0	0	0	-1	0	0	0	0	0	0	0	0	0	0	170	0	0	0	0	0	0	0	0	0
	666	Nyxem	31	1899 	165 	225 	0 	1 	0	0	0	0	1500 	200 	0	0	0	0	0	0	0	0	0	4000	700	400	0	0	0	0	150	250	300	700	20	0	20	80	296	30	0	100	0	0	0	0	0	0	0	0	10	0	50	100	0	0	0	0	0	-1	0	0	0	0	0	0	0	0	0	0	150	0	0	0	0	0	0	0	0	0
	667	Conficker	26	2048 	205 	272 	0 	1 	0	0	0	0	2000 	350 	0	0	0	0	0	0	0	0	0	800	1000	400	0	0	0	0	150	250	300	700	20	0	8	20	296	100	0	100	0	0	0	0	0	0	0	0	0	0	0	0	0	0	0	0	0	-1	0	0	0	0	0	0	0	0	0	1	100	0	0	0	0	0	0	0	0	0
	668	Stuxnet	32	2449 	121 	264 	0 	1 	0	0	0	0	1700 	400 	0	0	0	0	0	0	0	0	0	400	600	300	0	0	0	0	100	250	300	700	20	0	5	15	296	30	0	0	0	0	0	0	0	0	0	0	5	0	0	0	0	0	0	0	0	-1	0	0	0	0	0	0	0	0	0	3	130	0	0	0	0	0	0	0	0	0
	669	Blaster	8	3265 	272 	311 	0 	1 	0	0	0	0	1500 	200 	0	0	0	0	0	0	0	0	0	500	500	400	0	0	0	0	200	250	300	2800	35	0	20	0	0	0	0	100	200020	0	0	0	0	1	100	1	10	0	0	0	0	0	0	0	0	-1	0	500	0	0	0	0	0	0	0	0	100	0	0	0	0	0	0	0	0	0
	670	CodeRed	9	3265 	272 	311 	0 	1 	0	0	0	0	1500 	200 	0	0	0	0	0	0	0	0	0	600	600	400	0	0	0	0	120	250	300	0	0	0	20	20	296	0	0	100	200010	300013	0	0	0	3	60	1	0	100	0	0	0	0	0	0	0	-1	0	500	0	0	0	0	0	0	0	0	110	0	0	0	0	0	0	0	0	0
	671	Enforcer	91	1088 	200 	300 	325 	1 	0	0	0	0	1500 	100	0	0	0	0	0	0	1	0	6	1100	1050	1000	10	10	0	1200	1100	0	0	0	0	100	10	5	296	100	0	0	103009	0	0	0	0	0	0	0	0	0	0	0	0	0	0	0	0	-1	0	0	0	0	0	0	0	0	110	0	90	0	0	0	0	0	0	0	0	0
	672	Melissa	15	3020 	296 	342 	0 	1 	0	0	0	0	1600 	200 	0	0	0	0	0	0	0	0	0	1000	500	400	0	0	0	0	200	250	300	2800	5	0	15	15	296	0	0	100	200015	0	0	0	0	0	0	1	10	30	0	0	0	0	0	1	0	-1	0	500	0	0	0	0	0	0	0	0	100	0	0	0	0	0	0	0	0	0
	673	Carlos	20	3020 	296 	342 	0 	1 	0	0	0	0	1500 	200 	0	0	0	0	0	0	1	0	0	650	1000	400	0	0	0	0	200	250	300	995	50	0	30	20	296	0	0	100	3200018	0	0	0	0	2	100	1	0	0	0	0	0	0	0	1	0	-1	0	500	0	0	0	0	0	0	0	0	115	0	0	0	0	0	0	0	0	0
	674	Bubbleboy	3	1543 	147 	167 	0 	0 	0	0	0	0	1500 	200 	0	0	0	0	0	0	0	0	0	400	700	400	0	0	0	0	120	250	300	700	20	0	15	15	296	30	0	0	0	0	0	0	0	0	0	0	20	0	0	0	0	0	0	0	0	-1	0	0	0	0	0	0	0	0	0	0	110	0	0	0	0	0	0	0	0	0
	675	Snowman	19	3810	192	245	0	0	0	0	0	0	1200	400	0	0	0	0	0	0	0	0	0	2000	2000	400	0	0	0	0	150	0	0	3000	0	0	5	60	296	50	50	80	0	0	0	0	0	3	70	1	2	10	0	0	0	0	0	0	0	-1	0	200	0	0	0	0	0	0	0	0	100	0	0	0	0	0	0	0	0	0
	676	ILOVEYOU	101	1949 	185 	263 	0 	1 	0	0	0	0	1500 	200 	0	0	0	0	0	0	0	0	0	2000	2000	400	0	0	0	0	150	250	300	700	20	0	3	8	296	30	0	100	0	0	0	0	0	0	0	0	10	0	50	100	0	0	0	0	0	-1	0	0	0	0	0	0	0	0	0	0	100	0	0	0	0	0	0	0	0	0
	677	IceGolem	96	25321 	94 	188 	0 	0 	0	0	0	0	1700 	400 	0	0	0	0	0	0	1	0	0	1200	900	900	0	0	0	0	200	250	300	2800	50	0	0	0	296	70	00	10	2000011	100006	0	0	2000018	1	20	1	0	0	30	0	0	0	0	0	0	-1	0	0	0	0	0	0	0	0	0	0	160	0	0	0	0	0	0	0	0	0
	678	IceGolem	96	4321 	94 	188 	0 	0 	0	0	0	0	1700 	400 	0	0	0	0	0	0	1	0	0	1200	900	900	0	0	0	0	200	250	300	2800	50	0	0	0	296	70	00	10	2000011	100006	0	0	2000018	1	20	1	0	0	30	0	0	0	0	0	0	-1	0	0	0	0	0	0	0	0	0	0	160	0	0	0	0	0	0	0	0	0
	851	SergeantSector	90	2340 	56 	95 	0 	0 	0 	0	0	0	1200 	300 	100	300	300	0	0	0	1	0	0	700	700	700	0	0	0	0	700	250	300	0	0	0	20	30	296	0	0	50	300011	0	0	0	0	0	0	0	0	5	0	0	0	0	0	0	0	-1	0	0	0	0	0	0	0	0	0	0	110	0	0	0	0	0	0	0	0	0
	679	IceGolem	96	1321 	94 	188 	0 	0 	0	0	0	0	1700 	400 	0	0	0	0	0	0	1	0	0	1200	900	900	0	0	0	0	200	250	300	2800	50	0	0	0	296	70	00	10	2000011	100006	0	0	2000018	1	20	1	0	0	30	0	0	0	0	0	0	-1	0	0	0	0	0	0	0	0	0	0	130	0	0	0	0	0	0	0	0	0
	680	ILOVEYOU	101	1049 	185 	263 	0 	0 	0	0	0	0	1500 	200 	0	0	0	0	0	0	0	0	0	2000	2000	400	0	0	0	0	150	250	300	700	20	0	3	8	296	30	0	100	0	0	0	0	0	0	0	0	10	0	50	100	0	0	0	0	0	-1	0	0	0	0	0	0	0	0	0	0	100	0	0	0	0	0	0	0	0	0
	681	Snowman	19	810	192	245	0	0	0	0	0	0	1200	400	0	0	0	0	0	0	0	0	0	2000	2000	400	0	0	0	0	150	0	0	3000	0	0	5	60	296	50	50	80	0	0	0	0	0	3	70	1	2	10	0	0	0	0	0	0	0	-1	0	200	0	0	0	0	0	0	0	0	100	0	0	0	0	0	0	0	0	0
	682	Wazzu	60	20000 	36 	50 	908 	0 	0	0	0	0	1300 	0 	0	0	0	0	0	0	0	0	5	900	0	0	0	0	0	1000	100	250	300	0	0	100	0	0	0	0	0	0	111003	0	0	0	0	0	0	0	0	0	0	0	0	0	0	1	0	-1	0	0	0	0	0	0	0	1	50	0	150	0	0	0	0	0	0	0	0	0
	683	Arsenal	80	50000 	100 	150 	775 	0 	0	0	0	0	2500 	100	0	0	0	0	0	0	0	0	4	800	0	0	0	0	0	700	700	0	0	0	0	100	0	0	0	0	0	0	0	0	0	0	0	0	0	0	0	0	0	0	0	0	0	0	0	-1	0	0	0	0	0	0	0	1	100	0	150	0	0	0	0	0	0	0	0	0
	684	Boza	59	343 	199 	238 	0 	0 	0	0	0	0	1300 	200 	0	0	0	0	0	0	1	0	0	400	350	300	0	0	0	0	120	250	200	2800	0	0	10	10	296	0	0	0	0	0	0	0	0	0	0	0	0	0	0	0	0	0	0	0	0	-1	0	0	0	0	0	0	0	0	0	0	100	0	0	0	0	0	0	0	0	0
	685	Slapper	0	384 	177 	180 	0	0	0	0	0	0	1000	0	0	0	0	0	0	0	0	0	0	400	700	400	0	0	0	0	150	250	300	700	20	0	0	0	0	30	0	0	0	0	0	0	0	0	0	0	0	0	0	0	0	0	0	0	0	-1	0	0	1	0	0	0	0	0	0	0	120	0	0	0	0	0	0	0	0	0
	686	Ganda	2	425 	183 	190 	0	0	0	0	0	0	1000	0	0	0	0	0	0	0	0	0	0	500	700	400	0	0	0	0	120	250	300	2800	20	0	0	0	0	30	0	0	0	0	0	0	0	0	0	0	20	0	0	0	0	0	0	0	0	-1	0	0	1	0	0	0	0	0	0	0	100	0	0	0	0	0	0	0	0	0
	687	Nimba	61	206 	229 	247 	0 	0 	0	0	0	0	1000 	0 	0	0	0	0	0	0	0	0	0	2400	2500	400	0	0	0	0	200	250	150	2800	20	0	0	0	0	0	0	0	0	0	0	0	0	0	0	0	5	0	0	0	0	0	0	0	0	-1	0	0	0	0	0	0	0	0	0	0	100	0	0	0	0	0	0	0	0	0
	688	Sharps	84	953 	285 	342 	100 	0 	25 	0	0	0	2300 	350 	100	100	120	0	0	0	1	0	0	1000	1700	200	0	0	0	0	120	250	300	0	30	0	10	60	296	50	0	10	100005	0	0	0	0	2	30	2	0	20	0	0	0	0	0	0	0	-1	0	0	0	0	0	0	0	0	0	0	110	0	0	0	0	0	0	0	0	0
	689	Mandragore	11	1015 	296 	396 	0 	1 	0	0	0	0 	1500 	200 	0	0	0	0	0	0	0	0	0	2800	2700	400	0	0	0	0	120	250	300	2800	0	0	10	10	296	30	0	100	6200010	6200016	0	0	0	0	0	1	0	0	0	0	0	0	0	1	0	-1	0	0	0	0	0	0	0	0	0	0	100	0	0	0	0	0	0	0	0	0
	690	Trojan-R	56	666 	289 	319 	0 	0 	0	0	0	0	1600 	200 	0	0	0	0	0	0	0	0	0	800	1000	400	0	0	0	0	150	250	300	700	20	0	5	10	296	30	0	100	0	0	0	0	300014	0	0	0	10	0	50	100	0	0	0	0	0	-1	0	0	0	0	0	0	0	0	0	0	100	0	0	0	0	0	0	0	0	0
	691	Wazzu	60	343 	36 	50 	608 	0 	0	0	0	0	1300 	200 	0	0	0	0	0	0	1	0	5	900	2500	1200	0	0	0	1000	100	250	300	0	0	100	10	10	296	100	0	0	111003	0	0	0	0	0	0	0	0	0	0	0	0	0	0	1	0	-1	0	0	0	0	0	0	0	0	50	0	100	0	0	0	0	0	0	0	0	0
	692	PocketBase	66	50000 	1 	750 	650	0	0	0	0	0	2500	250	0	0	0	0	0	0	0	0	8	1300	0	0	0	0	0	1300	100	250	300	0	0	100	0	0	0	0	0	0	110003	0	0	0	0	0	0	4	0	0	0	0	0	0	0	3	0	-1	1	0	3	0	0	1	0	1	160	0	75	1	0	0	0	0	0	0	0	0
	693	Scylla	102	1774 	665 	758 	0 	1 	0	0	0	0	1800 	180 	0	0	0	0	0	0	0	0	0	4000	4000	170	0	0	0	0	170	0	350	700	20	0	0	0	296	100	0	100	0	0	0	0	0	0	0	0	0	0	0	0	0	0	0	0	0	-1	0	0	0	0	0	0	0	0	0	0	140	0	0	0	0	0	0	0	0	0
	694	Charybdis	105	19774 	175 	218 	0 	0 	0	0	0	0	1000 	0 	0	0	0	0	0	0	0	0	0	4000	300	300	0	0	0	0	140	0	350	700	20	0	0	0	296	100	0	100	0	0	0	0	0	0	0	0	0	0	0	0	0	0	0	0	0	-1	0	0	0	0	0	0	0	0	0	0	140	0	0	0	0	0	0	0	0	0
	695	Odysseus	100	124374 	262 	339 	0 	0 	0	0	0	0	1600 	200 	0	0	0	0	0	0	0	0	0	3000	3000	400	0	0	0	0	150	250	300	700	20	0	0	0	296	30	0	100	0	0	0	0	200009	0	0	0	0	0	50	100	0	0	0	0	0	-1	0	0	0	0	0	0	0	0	0	0	150	0	0	0	0	0	0	0	0	0
	696	Scylla	102	56165 	265 	358 	0 	1 	0	0	0	0	1800 	180 	0	0	0	0	0	0	0	0	0	4000	4000	170	0	0	0	0	170	0	350	700	20	0	0	0	296	100	0	100	0	0	0	0	0	0	0	0	0	0	0	0	0	0	0	0	0	-1	0	0	0	0	0	0	0	0	0	0	140	0	0	0	0	0	0	0	0	0
	697	Charybdis	104	59774 	175 	218 	0 	0 	0	0	0	0	1000 	0 	0	0	0	0	0	0	0	0	0	0	0	0	0	0	0	0	0	0	0	0	0	0	0	0	0	0	0	0	0	0	0	0	0	0	0	0	0	0	0	0	0	0	0	0	0	-1	0	0	0	0	0	0	0	0	0	0	140	0	0	0	0	0	0	0	0	0
	770	Ganda	2	792 	46 	52 	0	0	0	0	0	0	1000	100	0	0	0	0	0	0	0	0	0	500	700	400	0	0	0	0	120	250	300	2800	0	0	0	0	0	0	0	0	0	0	0	0	0	0	0	0	0	0	0	0	0	0	0	0	0	-1	0	0	1	0	0	0	0	0	0	0	110	0	0	0	0	0	0	0	0	0
	771	Slapper	0	698 	42 	48 	0	0	0	0	0	0	1000	100	0	0	0	0	0	0	0	0	0	400	700	400	0	0	0	0	150	250	300	700	0	0	0	0	0	0	0	0	0	0	0	0	0	0	0	0	0	0	0	0	0	0	0	0	0	-1	0	0	1	0	0	0	0	0	0	0	110	0	0	0	0	0	0	0	0	0
	772	Cruncher	1	4303 	82 	114 	0	1	0	0	0	0	1200 	150 	0	0	0	0	0	0	0	0	0	500	1000	400	0	0	0	0	100	250	300	2800	0	0	0	0	0	0	0	0	200015	0	0	0	0	0	0	0	2	0	0	0	0	0	0	0	0	-1	0	0	0	0	0	0	0	0	0	0	130	0	0	0	0	0	0	0	0	0
	773	Boza	59	525 	66 	81 	0 	0 	0	0	0	0	1300 	100 	0	0	0	0	0	0	1	0	0	400	350	300	0	0	0	0	120	250	200	2800	0	0	10	10	296	0	0	0	0	0	0	0	0	0	0	0	0	0	0	0	0	0	0	0	0	-1	0	0	0	0	0	0	0	0	0	0	110	0	0	0	0	0	0	0	0	0
	774	Wazzu	60	499 	1 	1 	125 	0 	0	0	0	0	1000 	100 	0	0	0	0	0	0	1	0	5	900	2500	1200	0	0	0	1000	100	250	300	0	0	100	10	10	296	100	0	0	111003	0	0	0	0	0	0	0	0	0	0	0	0	0	0	1	0	-1	0	0	0	0	0	0	0	0	50	0	110	0	0	0	0	0	0	0	0	0
	775	Scalper	12	5833 	94 	141 	0 	1 	0	0	0	0	1400 	200 	0	0	0	0	0	0	0	0	0	400	500	400	0	0	0	0	120	250	300	2800	20	0	10	10	296	0	0	100	0	0	0	0	0	0	0	1	0	0	0	0	0	0	0	0	0	-1	0	0	0	0	0	0	0	0	0	0	130	0	0	0	0	0	0	0	0	0
	776	Bubbleboy	3	7814 	104 	137 	0	1	0	0	0	0	1000	0	0	0	0	0	0	0	0	0	0	400	700	400	0	0	0	0	120	250	300	700	0	0	0	0	0	0	0	0	0	0	0	0	0	0	0	0	40	0	0	0	0	0	0	0	0	-1	0	0	0	0	0	0	0	0	0	0	150	0	0	0	0	0	0	0	0	0
	777	Trojan-P	64	792 	46 	52 	0 	0 	0	0	0	0	1000 	100 	0	0	0	0	0	0	0	0	0	800	1000	400	0	0	0	0	150	250	300	700	20	0	3	8	296	0	0	100	0	0	0	0	0	0	0	0	10	0	50	100	0	0	0	0	0	-1	0	0	0	0	0	0	0	0	0	0	120	0	0	0	0	0	0	0	0	0
	778	Trojan-R	56	525 	66 	81 	0 	0 	0	0	0	0	1300 	100 	0	0	0	0	0	0	0	0	0	800	1000	400	0	0	0	0	150	250	300	700	20	0	5	10	296	0	0	100	0	0	0	0	300014	0	0	0	10	0	50	100	0	0	0	0	0	-1	0	0	0	0	0	0	0	0	0	0	120	0	0	0	0	0	0	0	0	0
	779	Trojan-S	65	698 	42 	48 	0 	0 	0	0	0	0	1000 	100 	0	0	0	0	0	0	1	0	0	800	1000	400	0	0	0	0	150	250	300	700	20	0	5	10	296	0	0	100	0	0	0	0	300011	0	0	0	10	0	50	100	0	0	0	0	0	-1	0	0	0	0	0	0	0	0	0	0	120	0	0	0	0	0	0	0	0	0
	780	Etap	25	5833 	94 	141 	0 	1 	0	0	0	0	1400 	200 	0	0	0	0	0	0	0	0	0	800	1000	130	0	0	0	0	130	0	350	700	20	0	10	20	296	100	0	100	0	0	0	0	0	0	0	0	0	0	0	0	0	0	0	0	0	-1	0	0	0	0	0	0	0	0	0	0	140	0	0	0	0	0	0	0	0	0
	781	Creeper	30	4303 	82 	114 	0 	1 	0	0	0	0	1200 	150 	0	0	0	0	0	0	0	0	0	800	1000	130	0	0	0	0	130	0	350	700	20	0	10	20	296	100	0	100	0	0	0	0	0	0	0	0	0	0	0	0	0	0	0	0	0	-1	0	0	0	0	0	0	0	0	0	1	130	0	0	0	0	0	0	0	0	0
	782	Enforcer	91	499 	1 	1 	115 	1 	0	0	0	0	1000 	100	0	0	0	0	0	0	1	0	6	1100	1050	1000	10	10	0	1200	1100	0	0	0	0	100	10	0	296	100	0	0	203007	0	0	0	0	0	0	0	0	0	0	0	0	0	0	0	0	-1	0	0	0	0	0	0	0	0	120	0	90	0	0	0	0	0	0	0	0	0
	783	CodeZero	98	7814 	104 	137 	0 	1 	0	0	0	0	1500 	250 	0	0	0	0	0	0	0	0	0	650	700	400	0	0	0	0	120	250	300	0	0	0	20	25	296	0	0	100	200010	300018	0	0	0	3	60	1	0	100	0	0	0	0	0	0	0	-1	0	500	0	0	0	0	0	0	0	0	165	0	0	0	0	0	0	0	0	0